<wxlog>
  <threadId>#main</threadId>
  <timestamp>13:14:55:3592</timestamp>
  <msgtype>MsgWXLogLaunch</msgtype>
  <content>[The WXLogger is launched!]</content>
  <stackFrames>
[CALL STACK][0]: Method:WXTextureTools.Application.Options.OptionsConfig..ctor; File:.0
[CALL STACK][1]: Method:WXTextureTools.Application.App..ctor; File:.0
[CALL STACK][2]: Method:WXTextureTools.Program.Main; File:.0
</stackFrames>
</wxlog>
<wxlog>
  <threadId>#main</threadId>
  <timestamp>13:14:55:3778</timestamp>
  <msgtype>MsgMixture</msgtype>
  <content>string|String[]
OptionsConfig,-option=fb
-dataDir=C:/Users/ChuYi/Desktop/Unity/xm/sgdd/TextToolDatas
-classDataPath=C:/Users/ChuYi/Desktop/Unity/xm/sgdd/Assets\WX-WASM-SDK-V2\Editor/TextureEditor/classdata.tpk
-sourcePath=C:/Users/ChuYi/Desktop/weixinxiaochengxu/xinsgdd\webgl\Build\webgl.data
-do=slim
-outDir=C:/Users/ChuYi/Desktop/Unity/xm/sgdd/TextToolDatas\fbslimtTemp
-slimConfPath=C:/Users/ChuYi/Desktop/Unity/xm/sgdd/Assets\WX-WASM-SDK-V2\Editor/TextureEditor/slim.conf
</content>
  <stackFrames>
[CALL STACK][0]: Method:WXTextureTools.Application.App..ctor; File:.0
[CALL STACK][1]: Method:WXTextureTools.Program.Main; File:.0
</stackFrames>
</wxlog>
<wxlog>
  <threadId>#main</threadId>
  <timestamp>13:14:55:3803</timestamp>
  <msgtype>MsgMixture</msgtype>
  <content>string|string
UnityBridgeHandler - SetDataDir,C:/Users/ChuYi/Desktop/Unity/xm/sgdd/TextToolDatas\temp</content>
  <stackFrames>
[CALL STACK][0]: Method:WXTextureTools.Program.Main; File:.0
</stackFrames>
</wxlog>
<wxlog>
  <threadId>#main</threadId>
  <timestamp>13:14:55:4424</timestamp>
  <msgtype>MsgMixture</msgtype>
  <content>string|string
FirstBundleDel,C:/Users/ChuYi/Desktop/Unity/xm/sgdd/TextToolDatas\fbslimConfig.txt</content>
  <stackFrames>
[CALL STACK][0]: Method:WXTextureTools.Application.AppCmdExec.WXSlimFirstBundleExec.todo; File:.0
[CALL STACK][1]: Method:WXTextureTools.Application.App.process; File:.0
[CALL STACK][2]: Method:WXTextureTools.Application.App..ctor; File:.0
</stackFrames>
</wxlog>
<wxlog>
  <threadId>#main</threadId>
  <timestamp>13:14:55:4444</timestamp>
  <msgtype>MsgMixture</msgtype>
  <content>string|String[]
delFiles,UnityWatermark-small.d7411008
</content>
  <stackFrames>
[CALL STACK][0]: Method:WXTextureTools.Application.AppCmdExec.WXSlimFirstBundleExec.todo; File:.0
[CALL STACK][1]: Method:WXTextureTools.Application.App.process; File:.0
[CALL STACK][2]: Method:WXTextureTools.Application.App..ctor; File:.0
</stackFrames>
</wxlog>
<wxlog>
  <threadId>#main</threadId>
  <timestamp>13:14:55:5730</timestamp>
  <msgtype>MsgMixture</msgtype>
  <content>string|string|bool
FirstBundleText slim - pngName,Soft.c1d63e75,false</content>
  <stackFrames>
[CALL STACK][0]: Method:WXTextureTools.Application.FirstBundle.FirstBundleHandler.slim; File:.0
[CALL STACK][1]: Method:WXTextureTools.Application.AppCmdExec.WXSlimFirstBundleExec.todo; File:.0
[CALL STACK][2]: Method:WXTextureTools.Application.App.process; File:.0
</stackFrames>
</wxlog>
<wxlog>
  <threadId>#main</threadId>
  <timestamp>13:14:55:5730</timestamp>
  <msgtype>MsgMixture</msgtype>
  <content>string|string|bool
FirstBundleText slim - pngName,Font Texture.8f00b204,false</content>
  <stackFrames>
[CALL STACK][0]: Method:WXTextureTools.Application.FirstBundle.FirstBundleHandler.slim; File:.0
[CALL STACK][1]: Method:WXTextureTools.Application.AppCmdExec.WXSlimFirstBundleExec.todo; File:.0
[CALL STACK][2]: Method:WXTextureTools.Application.App.process; File:.0
</stackFrames>
</wxlog>
<wxlog>
  <threadId>#main</threadId>
  <timestamp>13:14:55:5740</timestamp>
  <msgtype>MsgMixture</msgtype>
  <content>string|string|bool
FirstBundleText slim - pngName,UnityWatermark-small.d7411008,false</content>
  <stackFrames>
[CALL STACK][0]: Method:WXTextureTools.Application.FirstBundle.FirstBundleHandler.slim; File:.0
[CALL STACK][1]: Method:WXTextureTools.Application.AppCmdExec.WXSlimFirstBundleExec.todo; File:.0
[CALL STACK][2]: Method:WXTextureTools.Application.App.process; File:.0
</stackFrames>
</wxlog>
<wxlog>
  <threadId>#main</threadId>
  <timestamp>13:14:55:5826</timestamp>
  <msgtype>MsgMixture</msgtype>
  <content>string|string
FirstBundleText slim - 0,UnityWatermark-small.d7411008</content>
  <stackFrames>
[CALL STACK][0]: Method:WXTextureTools.Application.FirstBundle.FirstBundleHandler.slim; File:.0
[CALL STACK][1]: Method:WXTextureTools.Application.AppCmdExec.WXSlimFirstBundleExec.todo; File:.0
[CALL STACK][2]: Method:WXTextureTools.Application.App.process; File:.0
</stackFrames>
</wxlog>
<wxlog>
  <threadId>#main</threadId>
  <timestamp>13:14:55:5831</timestamp>
  <msgtype>MsgMixture</msgtype>
  <content>string|string|bool
FirstBundleText slim - pngName,EscToExit_back.21b1540e,false</content>
  <stackFrames>
[CALL STACK][0]: Method:WXTextureTools.Application.FirstBundle.FirstBundleHandler.slim; File:.0
[CALL STACK][1]: Method:WXTextureTools.Application.AppCmdExec.WXSlimFirstBundleExec.todo; File:.0
[CALL STACK][2]: Method:WXTextureTools.Application.App.process; File:.0
</stackFrames>
</wxlog>
<wxlog>
  <threadId>#main</threadId>
  <timestamp>13:14:55:5841</timestamp>
  <msgtype>MsgMixture</msgtype>
  <content>string|string|bool
FirstBundleText slim - pngName,EscToExit_Text.2e1ee8b4,false</content>
  <stackFrames>
[CALL STACK][0]: Method:WXTextureTools.Application.FirstBundle.FirstBundleHandler.slim; File:.0
[CALL STACK][1]: Method:WXTextureTools.Application.AppCmdExec.WXSlimFirstBundleExec.todo; File:.0
[CALL STACK][2]: Method:WXTextureTools.Application.App.process; File:.0
</stackFrames>
</wxlog>
<wxlog>
  <threadId>#main</threadId>
  <timestamp>13:14:55:5851</timestamp>
  <msgtype>MsgMixture</msgtype>
  <content>string|string|bool
FirstBundleText slim - pngName,UnityWatermark-trial-big.66f46ac8,false</content>
  <stackFrames>
[CALL STACK][0]: Method:WXTextureTools.Application.FirstBundle.FirstBundleHandler.slim; File:.0
[CALL STACK][1]: Method:WXTextureTools.Application.AppCmdExec.WXSlimFirstBundleExec.todo; File:.0
[CALL STACK][2]: Method:WXTextureTools.Application.App.process; File:.0
</stackFrames>
</wxlog>
<wxlog>
  <threadId>#main</threadId>
  <timestamp>13:14:55:5851</timestamp>
  <msgtype>MsgMixture</msgtype>
  <content>string|string|bool
FirstBundleText slim - pngName,UnityWatermark-trial.60b4e34e,false</content>
  <stackFrames>
[CALL STACK][0]: Method:WXTextureTools.Application.FirstBundle.FirstBundleHandler.slim; File:.0
[CALL STACK][1]: Method:WXTextureTools.Application.AppCmdExec.WXSlimFirstBundleExec.todo; File:.0
[CALL STACK][2]: Method:WXTextureTools.Application.App.process; File:.0
</stackFrames>
</wxlog>
<wxlog>
  <threadId>#main</threadId>
  <timestamp>13:14:55:5861</timestamp>
  <msgtype>MsgMixture</msgtype>
  <content>string|string|bool
FirstBundleText slim - pngName,UnityWatermark-beta.dd37c61b,false</content>
  <stackFrames>
[CALL STACK][0]: Method:WXTextureTools.Application.FirstBundle.FirstBundleHandler.slim; File:.0
[CALL STACK][1]: Method:WXTextureTools.Application.AppCmdExec.WXSlimFirstBundleExec.todo; File:.0
[CALL STACK][2]: Method:WXTextureTools.Application.App.process; File:.0
</stackFrames>
</wxlog>
<wxlog>
  <threadId>#main</threadId>
  <timestamp>13:14:55:5861</timestamp>
  <msgtype>MsgMixture</msgtype>
  <content>string|string|bool
FirstBundleText slim - pngName,UnityWatermark-edu.a8c472ae,false</content>
  <stackFrames>
[CALL STACK][0]: Method:WXTextureTools.Application.FirstBundle.FirstBundleHandler.slim; File:.0
[CALL STACK][1]: Method:WXTextureTools.Application.AppCmdExec.WXSlimFirstBundleExec.todo; File:.0
[CALL STACK][2]: Method:WXTextureTools.Application.App.process; File:.0
</stackFrames>
</wxlog>
<wxlog>
  <threadId>#main</threadId>
  <timestamp>13:14:55:5861</timestamp>
  <msgtype>MsgMixture</msgtype>
  <content>string|string|bool
FirstBundleText slim - pngName,UnityWatermark-dev.ae1fc174,false</content>
  <stackFrames>
[CALL STACK][0]: Method:WXTextureTools.Application.FirstBundle.FirstBundleHandler.slim; File:.0
[CALL STACK][1]: Method:WXTextureTools.Application.AppCmdExec.WXSlimFirstBundleExec.todo; File:.0
[CALL STACK][2]: Method:WXTextureTools.Application.App.process; File:.0
</stackFrames>
</wxlog>
<wxlog>
  <threadId>#main</threadId>
  <timestamp>13:14:55:5861</timestamp>
  <msgtype>MsgMixture</msgtype>
  <content>string|string|bool
FirstBundleText slim - pngName,WarningSign.59b8d955,false</content>
  <stackFrames>
[CALL STACK][0]: Method:WXTextureTools.Application.FirstBundle.FirstBundleHandler.slim; File:.0
[CALL STACK][1]: Method:WXTextureTools.Application.AppCmdExec.WXSlimFirstBundleExec.todo; File:.0
[CALL STACK][2]: Method:WXTextureTools.Application.App.process; File:.0
</stackFrames>
</wxlog>
<wxlog>
  <threadId>#main</threadId>
  <timestamp>13:14:55:5861</timestamp>
  <msgtype>MsgMixture</msgtype>
  <content>string|string|bool
FirstBundleText slim - pngName,UnityWatermark-proto.5084375a,false</content>
  <stackFrames>
[CALL STACK][0]: Method:WXTextureTools.Application.FirstBundle.FirstBundleHandler.slim; File:.0
[CALL STACK][1]: Method:WXTextureTools.Application.AppCmdExec.WXSlimFirstBundleExec.todo; File:.0
[CALL STACK][2]: Method:WXTextureTools.Application.App.process; File:.0
</stackFrames>
</wxlog>
<wxlog>
  <threadId>#main</threadId>
  <timestamp>13:14:55:5871</timestamp>
  <msgtype>MsgMixture</msgtype>
  <content>string|string|bool
FirstBundleText slim - pngName,UnityWatermarkPlugin-beta.52403834,false</content>
  <stackFrames>
[CALL STACK][0]: Method:WXTextureTools.Application.FirstBundle.FirstBundleHandler.slim; File:.0
[CALL STACK][1]: Method:WXTextureTools.Application.AppCmdExec.WXSlimFirstBundleExec.todo; File:.0
[CALL STACK][2]: Method:WXTextureTools.Application.App.process; File:.0
</stackFrames>
</wxlog>
<wxlog>
  <threadId>#main</threadId>
  <timestamp>13:14:55:5871</timestamp>
  <msgtype>MsgMixture</msgtype>
  <content>string|string|bool
FirstBundleText slim - pngName,box.643f5df8,false</content>
  <stackFrames>
[CALL STACK][0]: Method:WXTextureTools.Application.FirstBundle.FirstBundleHandler.slim; File:.0
[CALL STACK][1]: Method:WXTextureTools.Application.AppCmdExec.WXSlimFirstBundleExec.todo; File:.0
[CALL STACK][2]: Method:WXTextureTools.Application.App.process; File:.0
</stackFrames>
</wxlog>
<wxlog>
  <threadId>#main</threadId>
  <timestamp>13:14:55:5871</timestamp>
  <msgtype>MsgMixture</msgtype>
  <content>string|string|bool
FirstBundleText slim - pngName,button active.c15aedb7,false</content>
  <stackFrames>
[CALL STACK][0]: Method:WXTextureTools.Application.FirstBundle.FirstBundleHandler.slim; File:.0
[CALL STACK][1]: Method:WXTextureTools.Application.AppCmdExec.WXSlimFirstBundleExec.todo; File:.0
[CALL STACK][2]: Method:WXTextureTools.Application.App.process; File:.0
</stackFrames>
</wxlog>
<wxlog>
  <threadId>#main</threadId>
  <timestamp>13:14:55:5871</timestamp>
  <msgtype>MsgMixture</msgtype>
  <content>string|string|bool
FirstBundleText slim - pngName,button hover.42efb15e,false</content>
  <stackFrames>
[CALL STACK][0]: Method:WXTextureTools.Application.FirstBundle.FirstBundleHandler.slim; File:.0
[CALL STACK][1]: Method:WXTextureTools.Application.AppCmdExec.WXSlimFirstBundleExec.todo; File:.0
[CALL STACK][2]: Method:WXTextureTools.Application.App.process; File:.0
</stackFrames>
</wxlog>
<wxlog>
  <threadId>#main</threadId>
  <timestamp>13:14:55:5871</timestamp>
  <msgtype>MsgMixture</msgtype>
  <content>string|string|bool
FirstBundleText slim - pngName,button on hover.2c40c4b8,false</content>
  <stackFrames>
[CALL STACK][0]: Method:WXTextureTools.Application.FirstBundle.FirstBundleHandler.slim; File:.0
[CALL STACK][1]: Method:WXTextureTools.Application.AppCmdExec.WXSlimFirstBundleExec.todo; File:.0
[CALL STACK][2]: Method:WXTextureTools.Application.App.process; File:.0
</stackFrames>
</wxlog>
<wxlog>
  <threadId>#main</threadId>
  <timestamp>13:14:55:5871</timestamp>
  <msgtype>MsgMixture</msgtype>
  <content>string|string|bool
FirstBundleText slim - pngName,button on.7ff0e5a1,false</content>
  <stackFrames>
[CALL STACK][0]: Method:WXTextureTools.Application.FirstBundle.FirstBundleHandler.slim; File:.0
[CALL STACK][1]: Method:WXTextureTools.Application.AppCmdExec.WXSlimFirstBundleExec.todo; File:.0
[CALL STACK][2]: Method:WXTextureTools.Application.App.process; File:.0
</stackFrames>
</wxlog>
<wxlog>
  <threadId>#main</threadId>
  <timestamp>13:14:55:5871</timestamp>
  <msgtype>MsgMixture</msgtype>
  <content>string|string|bool
FirstBundleText slim - pngName,button.bdec6b82,false</content>
  <stackFrames>
[CALL STACK][0]: Method:WXTextureTools.Application.FirstBundle.FirstBundleHandler.slim; File:.0
[CALL STACK][1]: Method:WXTextureTools.Application.AppCmdExec.WXSlimFirstBundleExec.todo; File:.0
[CALL STACK][2]: Method:WXTextureTools.Application.App.process; File:.0
</stackFrames>
</wxlog>
<wxlog>
  <threadId>#main</threadId>
  <timestamp>13:14:55:5871</timestamp>
  <msgtype>MsgMixture</msgtype>
  <content>string|string|bool
FirstBundleText slim - pngName,horizontal scrollbar thumb.4137b46d,false</content>
  <stackFrames>
[CALL STACK][0]: Method:WXTextureTools.Application.FirstBundle.FirstBundleHandler.slim; File:.0
[CALL STACK][1]: Method:WXTextureTools.Application.AppCmdExec.WXSlimFirstBundleExec.todo; File:.0
[CALL STACK][2]: Method:WXTextureTools.Application.App.process; File:.0
</stackFrames>
</wxlog>
<wxlog>
  <threadId>#main</threadId>
  <timestamp>13:14:55:5871</timestamp>
  <msgtype>MsgMixture</msgtype>
  <content>string|string|bool
FirstBundleText slim - pngName,horizontal scrollbar.0ac38291,false</content>
  <stackFrames>
[CALL STACK][0]: Method:WXTextureTools.Application.FirstBundle.FirstBundleHandler.slim; File:.0
[CALL STACK][1]: Method:WXTextureTools.Application.AppCmdExec.WXSlimFirstBundleExec.todo; File:.0
[CALL STACK][2]: Method:WXTextureTools.Application.App.process; File:.0
</stackFrames>
</wxlog>
<wxlog>
  <threadId>#main</threadId>
  <timestamp>13:14:55:5871</timestamp>
  <msgtype>MsgMixture</msgtype>
  <content>string|string|bool
FirstBundleText slim - pngName,horizontalslider.722f02b2,false</content>
  <stackFrames>
[CALL STACK][0]: Method:WXTextureTools.Application.FirstBundle.FirstBundleHandler.slim; File:.0
[CALL STACK][1]: Method:WXTextureTools.Application.AppCmdExec.WXSlimFirstBundleExec.todo; File:.0
[CALL STACK][2]: Method:WXTextureTools.Application.App.process; File:.0
</stackFrames>
</wxlog>
<wxlog>
  <threadId>#main</threadId>
  <timestamp>13:14:55:5881</timestamp>
  <msgtype>MsgMixture</msgtype>
  <content>string|string|bool
FirstBundleText slim - pngName,slider thumb active.168a62a9,false</content>
  <stackFrames>
[CALL STACK][0]: Method:WXTextureTools.Application.FirstBundle.FirstBundleHandler.slim; File:.0
[CALL STACK][1]: Method:WXTextureTools.Application.AppCmdExec.WXSlimFirstBundleExec.todo; File:.0
[CALL STACK][2]: Method:WXTextureTools.Application.App.process; File:.0
</stackFrames>
</wxlog>
<wxlog>
  <threadId>#main</threadId>
  <timestamp>13:14:55:5881</timestamp>
  <msgtype>MsgMixture</msgtype>
  <content>string|string|bool
FirstBundleText slim - pngName,slider thumb.a7acef71,false</content>
  <stackFrames>
[CALL STACK][0]: Method:WXTextureTools.Application.FirstBundle.FirstBundleHandler.slim; File:.0
[CALL STACK][1]: Method:WXTextureTools.Application.AppCmdExec.WXSlimFirstBundleExec.todo; File:.0
[CALL STACK][2]: Method:WXTextureTools.Application.App.process; File:.0
</stackFrames>
</wxlog>
<wxlog>
  <threadId>#main</threadId>
  <timestamp>13:14:55:5881</timestamp>
  <msgtype>MsgMixture</msgtype>
  <content>string|string|bool
FirstBundleText slim - pngName,slidert humb hover.0c248117,false</content>
  <stackFrames>
[CALL STACK][0]: Method:WXTextureTools.Application.FirstBundle.FirstBundleHandler.slim; File:.0
[CALL STACK][1]: Method:WXTextureTools.Application.AppCmdExec.WXSlimFirstBundleExec.todo; File:.0
[CALL STACK][2]: Method:WXTextureTools.Application.App.process; File:.0
</stackFrames>
</wxlog>
<wxlog>
  <threadId>#main</threadId>
  <timestamp>13:14:55:5881</timestamp>
  <msgtype>MsgMixture</msgtype>
  <content>string|string|bool
FirstBundleText slim - pngName,toggle active.e32a2ca9,false</content>
  <stackFrames>
[CALL STACK][0]: Method:WXTextureTools.Application.FirstBundle.FirstBundleHandler.slim; File:.0
[CALL STACK][1]: Method:WXTextureTools.Application.AppCmdExec.WXSlimFirstBundleExec.todo; File:.0
[CALL STACK][2]: Method:WXTextureTools.Application.App.process; File:.0
</stackFrames>
</wxlog>
<wxlog>
  <threadId>#main</threadId>
  <timestamp>13:14:55:5881</timestamp>
  <msgtype>MsgMixture</msgtype>
  <content>string|string|bool
FirstBundleText slim - pngName,toggle hover.614620f6,false</content>
  <stackFrames>
[CALL STACK][0]: Method:WXTextureTools.Application.FirstBundle.FirstBundleHandler.slim; File:.0
[CALL STACK][1]: Method:WXTextureTools.Application.AppCmdExec.WXSlimFirstBundleExec.todo; File:.0
[CALL STACK][2]: Method:WXTextureTools.Application.App.process; File:.0
</stackFrames>
</wxlog>
<wxlog>
  <threadId>#main</threadId>
  <timestamp>13:14:55:5881</timestamp>
  <msgtype>MsgMixture</msgtype>
  <content>string|string|bool
FirstBundleText slim - pngName,toggle on hover.528d6b34,false</content>
  <stackFrames>
[CALL STACK][0]: Method:WXTextureTools.Application.FirstBundle.FirstBundleHandler.slim; File:.0
[CALL STACK][1]: Method:WXTextureTools.Application.AppCmdExec.WXSlimFirstBundleExec.todo; File:.0
[CALL STACK][2]: Method:WXTextureTools.Application.App.process; File:.0
</stackFrames>
</wxlog>
<wxlog>
  <threadId>#main</threadId>
  <timestamp>13:14:55:5881</timestamp>
  <msgtype>MsgMixture</msgtype>
  <content>string|string|bool
FirstBundleText slim - pngName,toggle on.1f99750a,false</content>
  <stackFrames>
[CALL STACK][0]: Method:WXTextureTools.Application.FirstBundle.FirstBundleHandler.slim; File:.0
[CALL STACK][1]: Method:WXTextureTools.Application.AppCmdExec.WXSlimFirstBundleExec.todo; File:.0
[CALL STACK][2]: Method:WXTextureTools.Application.App.process; File:.0
</stackFrames>
</wxlog>
<wxlog>
  <threadId>#main</threadId>
  <timestamp>13:14:55:5881</timestamp>
  <msgtype>MsgMixture</msgtype>
  <content>string|string|bool
FirstBundleText slim - pngName,toggle on active.9d52caeb,false</content>
  <stackFrames>
[CALL STACK][0]: Method:WXTextureTools.Application.FirstBundle.FirstBundleHandler.slim; File:.0
[CALL STACK][1]: Method:WXTextureTools.Application.AppCmdExec.WXSlimFirstBundleExec.todo; File:.0
[CALL STACK][2]: Method:WXTextureTools.Application.App.process; File:.0
</stackFrames>
</wxlog>
<wxlog>
  <threadId>#main</threadId>
  <timestamp>13:14:55:5891</timestamp>
  <msgtype>MsgMixture</msgtype>
  <content>string|string|bool
FirstBundleText slim - pngName,toggle.6eafbcb0,false</content>
  <stackFrames>
[CALL STACK][0]: Method:WXTextureTools.Application.FirstBundle.FirstBundleHandler.slim; File:.0
[CALL STACK][1]: Method:WXTextureTools.Application.AppCmdExec.WXSlimFirstBundleExec.todo; File:.0
[CALL STACK][2]: Method:WXTextureTools.Application.App.process; File:.0
</stackFrames>
</wxlog>
<wxlog>
  <threadId>#main</threadId>
  <timestamp>13:14:55:5891</timestamp>
  <msgtype>MsgMixture</msgtype>
  <content>string|string|bool
FirstBundleText slim - pngName,vertical scrollbar thumb.7ba97313,false</content>
  <stackFrames>
[CALL STACK][0]: Method:WXTextureTools.Application.FirstBundle.FirstBundleHandler.slim; File:.0
[CALL STACK][1]: Method:WXTextureTools.Application.AppCmdExec.WXSlimFirstBundleExec.todo; File:.0
[CALL STACK][2]: Method:WXTextureTools.Application.App.process; File:.0
</stackFrames>
</wxlog>
<wxlog>
  <threadId>#main</threadId>
  <timestamp>13:14:55:5891</timestamp>
  <msgtype>MsgMixture</msgtype>
  <content>string|string|bool
FirstBundleText slim - pngName,vertical scrollbar.d38290f1,false</content>
  <stackFrames>
[CALL STACK][0]: Method:WXTextureTools.Application.FirstBundle.FirstBundleHandler.slim; File:.0
[CALL STACK][1]: Method:WXTextureTools.Application.AppCmdExec.WXSlimFirstBundleExec.todo; File:.0
[CALL STACK][2]: Method:WXTextureTools.Application.App.process; File:.0
</stackFrames>
</wxlog>
<wxlog>
  <threadId>#main</threadId>
  <timestamp>13:14:55:5896</timestamp>
  <msgtype>MsgMixture</msgtype>
  <content>string|string|bool
FirstBundleText slim - pngName,verticalslider.58266f5f,false</content>
  <stackFrames>
[CALL STACK][0]: Method:WXTextureTools.Application.FirstBundle.FirstBundleHandler.slim; File:.0
[CALL STACK][1]: Method:WXTextureTools.Application.AppCmdExec.WXSlimFirstBundleExec.todo; File:.0
[CALL STACK][2]: Method:WXTextureTools.Application.App.process; File:.0
</stackFrames>
</wxlog>
<wxlog>
  <threadId>#main</threadId>
  <timestamp>13:14:55:5896</timestamp>
  <msgtype>MsgMixture</msgtype>
  <content>string|string|bool
FirstBundleText slim - pngName,window on.38a76040,false</content>
  <stackFrames>
[CALL STACK][0]: Method:WXTextureTools.Application.FirstBundle.FirstBundleHandler.slim; File:.0
[CALL STACK][1]: Method:WXTextureTools.Application.AppCmdExec.WXSlimFirstBundleExec.todo; File:.0
[CALL STACK][2]: Method:WXTextureTools.Application.App.process; File:.0
</stackFrames>
</wxlog>
<wxlog>
  <threadId>#main</threadId>
  <timestamp>13:14:55:5896</timestamp>
  <msgtype>MsgMixture</msgtype>
  <content>string|string|bool
FirstBundleText slim - pngName,window.a62d1258,false</content>
  <stackFrames>
[CALL STACK][0]: Method:WXTextureTools.Application.FirstBundle.FirstBundleHandler.slim; File:.0
[CALL STACK][1]: Method:WXTextureTools.Application.AppCmdExec.WXSlimFirstBundleExec.todo; File:.0
[CALL STACK][2]: Method:WXTextureTools.Application.App.process; File:.0
</stackFrames>
</wxlog>
<wxlog>
  <threadId>#main</threadId>
  <timestamp>13:14:55:5896</timestamp>
  <msgtype>MsgMixture</msgtype>
  <content>string|string|bool
FirstBundleText slim - pngName,textfield.a75d69ec,false</content>
  <stackFrames>
[CALL STACK][0]: Method:WXTextureTools.Application.FirstBundle.FirstBundleHandler.slim; File:.0
[CALL STACK][1]: Method:WXTextureTools.Application.AppCmdExec.WXSlimFirstBundleExec.todo; File:.0
[CALL STACK][2]: Method:WXTextureTools.Application.App.process; File:.0
</stackFrames>
</wxlog>
<wxlog>
  <threadId>#main</threadId>
  <timestamp>13:14:55:5901</timestamp>
  <msgtype>MsgMixture</msgtype>
  <content>string|string|bool
FirstBundleText slim - pngName,textfield on.f2c2fb5c,false</content>
  <stackFrames>
[CALL STACK][0]: Method:WXTextureTools.Application.FirstBundle.FirstBundleHandler.slim; File:.0
[CALL STACK][1]: Method:WXTextureTools.Application.AppCmdExec.WXSlimFirstBundleExec.todo; File:.0
[CALL STACK][2]: Method:WXTextureTools.Application.App.process; File:.0
</stackFrames>
</wxlog>
<wxlog>
  <threadId>#main</threadId>
  <timestamp>13:14:55:5901</timestamp>
  <msgtype>MsgMixture</msgtype>
  <content>string|string|bool
FirstBundleText slim - pngName,textfield hover.8c7ae9d8,false</content>
  <stackFrames>
[CALL STACK][0]: Method:WXTextureTools.Application.FirstBundle.FirstBundleHandler.slim; File:.0
[CALL STACK][1]: Method:WXTextureTools.Application.AppCmdExec.WXSlimFirstBundleExec.todo; File:.0
[CALL STACK][2]: Method:WXTextureTools.Application.App.process; File:.0
</stackFrames>
</wxlog>
<wxlog>
  <threadId>#main</threadId>
  <timestamp>13:14:55:5916</timestamp>
  <msgtype>MsgMixture</msgtype>
  <content>string|string|bool
FirstBundleText slim - pngName,UnitySplash-HolographicTrackingLoss.cbf38e69,false</content>
  <stackFrames>
[CALL STACK][0]: Method:WXTextureTools.Application.FirstBundle.FirstBundleHandler.slim; File:.0
[CALL STACK][1]: Method:WXTextureTools.Application.AppCmdExec.WXSlimFirstBundleExec.todo; File:.0
[CALL STACK][2]: Method:WXTextureTools.Application.App.process; File:.0
</stackFrames>
</wxlog>
<wxlog>
  <threadId>#main</threadId>
  <timestamp>13:14:55:6915</timestamp>
  <msgtype>MsgMixture</msgtype>
  <content>string|string|bool
AssetBundleText slim - pngName,Splash Screen Unity Logo.05ef6840,false</content>
  <stackFrames>
[CALL STACK][0]: Method:WXTextureTools.Application.FirstBundle.FirstBundleHandler.slim; File:.0
[CALL STACK][1]: Method:WXTextureTools.Application.AppCmdExec.WXSlimFirstBundleExec.todo; File:.0
[CALL STACK][2]: Method:WXTextureTools.Application.App.process; File:.0
</stackFrames>
</wxlog>
<wxlog>
  <threadId>#main</threadId>
  <timestamp>13:14:55:7283</timestamp>
  <msgtype>MsgMixture</msgtype>
  <content>string|string|bool
AssetBundleText slim - pngName,UI_Egg_Universal.3a886643,false</content>
  <stackFrames>
[CALL STACK][0]: Method:WXTextureTools.Application.FirstBundle.FirstBundleHandler.slim; File:.0
[CALL STACK][1]: Method:WXTextureTools.Application.AppCmdExec.WXSlimFirstBundleExec.todo; File:.0
[CALL STACK][2]: Method:WXTextureTools.Application.App.process; File:.0
</stackFrames>
</wxlog>
<wxlog>
  <threadId>#main</threadId>
  <timestamp>13:14:55:7459</timestamp>
  <msgtype>MsgMixture</msgtype>
  <content>string|string|bool
AssetBundleText slim - pngName,UI_Tishi_001.4e2b454b,false</content>
  <stackFrames>
[CALL STACK][0]: Method:WXTextureTools.Application.FirstBundle.FirstBundleHandler.slim; File:.0
[CALL STACK][1]: Method:WXTextureTools.Application.AppCmdExec.WXSlimFirstBundleExec.todo; File:.0
[CALL STACK][2]: Method:WXTextureTools.Application.App.process; File:.0
</stackFrames>
</wxlog>
<wxlog>
  <threadId>#main</threadId>
  <timestamp>13:14:55:7564</timestamp>
  <msgtype>MsgMixture</msgtype>
  <content>string|string|bool
AssetBundleText slim - pngName,CHW_1001.e94b9b73,false</content>
  <stackFrames>
[CALL STACK][0]: Method:WXTextureTools.Application.FirstBundle.FirstBundleHandler.slim; File:.0
[CALL STACK][1]: Method:WXTextureTools.Application.AppCmdExec.WXSlimFirstBundleExec.todo; File:.0
[CALL STACK][2]: Method:WXTextureTools.Application.App.process; File:.0
</stackFrames>
</wxlog>
<wxlog>
  <threadId>#main</threadId>
  <timestamp>13:14:55:7604</timestamp>
  <msgtype>MsgMixture</msgtype>
  <content>string|string|bool
AssetBundleText slim - pngName,Fuhua_LV5.695217c2,false</content>
  <stackFrames>
[CALL STACK][0]: Method:WXTextureTools.Application.FirstBundle.FirstBundleHandler.slim; File:.0
[CALL STACK][1]: Method:WXTextureTools.Application.AppCmdExec.WXSlimFirstBundleExec.todo; File:.0
[CALL STACK][2]: Method:WXTextureTools.Application.App.process; File:.0
</stackFrames>
</wxlog>
<wxlog>
  <threadId>#main</threadId>
  <timestamp>13:14:55:7957</timestamp>
  <msgtype>MsgMixture</msgtype>
  <content>string|string|bool
AssetBundleText slim - pngName,主界面.6ce3616f,false</content>
  <stackFrames>
[CALL STACK][0]: Method:WXTextureTools.Application.FirstBundle.FirstBundleHandler.slim; File:.0
[CALL STACK][1]: Method:WXTextureTools.Application.AppCmdExec.WXSlimFirstBundleExec.todo; File:.0
[CALL STACK][2]: Method:WXTextureTools.Application.App.process; File:.0
</stackFrames>
</wxlog>
<wxlog>
  <threadId>#main</threadId>
  <timestamp>13:14:55:8485</timestamp>
  <msgtype>MsgMixture</msgtype>
  <content>string|string|bool
AssetBundleText slim - pngName,zt Atlas.dfa52269,false</content>
  <stackFrames>
[CALL STACK][0]: Method:WXTextureTools.Application.FirstBundle.FirstBundleHandler.slim; File:.0
[CALL STACK][1]: Method:WXTextureTools.Application.AppCmdExec.WXSlimFirstBundleExec.todo; File:.0
[CALL STACK][2]: Method:WXTextureTools.Application.App.process; File:.0
</stackFrames>
</wxlog>
<wxlog>
  <threadId>#main</threadId>
  <timestamp>13:14:55:8501</timestamp>
  <msgtype>MsgMixture</msgtype>
  <content>string|string|bool
AssetBundleText slim - pngName,UISprite.b48f75d0,false</content>
  <stackFrames>
[CALL STACK][0]: Method:WXTextureTools.Application.FirstBundle.FirstBundleHandler.slim; File:.0
[CALL STACK][1]: Method:WXTextureTools.Application.AppCmdExec.WXSlimFirstBundleExec.todo; File:.0
[CALL STACK][2]: Method:WXTextureTools.Application.App.process; File:.0
</stackFrames>
</wxlog>
<wxlog>
  <threadId>#main</threadId>
  <timestamp>13:14:55:8501</timestamp>
  <msgtype>MsgMixture</msgtype>
  <content>string|string|bool
AssetBundleText slim - pngName,UIMask.09363183,false</content>
  <stackFrames>
[CALL STACK][0]: Method:WXTextureTools.Application.FirstBundle.FirstBundleHandler.slim; File:.0
[CALL STACK][1]: Method:WXTextureTools.Application.AppCmdExec.WXSlimFirstBundleExec.todo; File:.0
[CALL STACK][2]: Method:WXTextureTools.Application.App.process; File:.0
</stackFrames>
</wxlog>
<wxlog>
  <threadId>#main</threadId>
  <timestamp>13:14:55:8532</timestamp>
  <msgtype>MsgMixture</msgtype>
  <content>string|string|bool
AssetBundleText slim - pngName,CHW_5002_02.1c70d0c0,false</content>
  <stackFrames>
[CALL STACK][0]: Method:WXTextureTools.Application.FirstBundle.FirstBundleHandler.slim; File:.0
[CALL STACK][1]: Method:WXTextureTools.Application.AppCmdExec.WXSlimFirstBundleExec.todo; File:.0
[CALL STACK][2]: Method:WXTextureTools.Application.App.process; File:.0
</stackFrames>
</wxlog>
<wxlog>
  <threadId>#main</threadId>
  <timestamp>13:14:55:8654</timestamp>
  <msgtype>MsgMixture</msgtype>
  <content>string|string|bool
AssetBundleText slim - pngName,CHWTJ_007.9c53332b,false</content>
  <stackFrames>
[CALL STACK][0]: Method:WXTextureTools.Application.FirstBundle.FirstBundleHandler.slim; File:.0
[CALL STACK][1]: Method:WXTextureTools.Application.AppCmdExec.WXSlimFirstBundleExec.todo; File:.0
[CALL STACK][2]: Method:WXTextureTools.Application.App.process; File:.0
</stackFrames>
</wxlog>
<wxlog>
  <threadId>#main</threadId>
  <timestamp>13:14:55:8684</timestamp>
  <msgtype>MsgMixture</msgtype>
  <content>string|string|bool
AssetBundleText slim - pngName,CHW_3004_01.6a23cfe8,false</content>
  <stackFrames>
[CALL STACK][0]: Method:WXTextureTools.Application.FirstBundle.FirstBundleHandler.slim; File:.0
[CALL STACK][1]: Method:WXTextureTools.Application.AppCmdExec.WXSlimFirstBundleExec.todo; File:.0
[CALL STACK][2]: Method:WXTextureTools.Application.App.process; File:.0
</stackFrames>
</wxlog>
<wxlog>
  <threadId>#main</threadId>
  <timestamp>13:14:55:8699</timestamp>
  <msgtype>MsgMixture</msgtype>
  <content>string|string|bool
AssetBundleText slim - pngName,UI_Xiaochudaoju_004.dcaf0661,false</content>
  <stackFrames>
[CALL STACK][0]: Method:WXTextureTools.Application.FirstBundle.FirstBundleHandler.slim; File:.0
[CALL STACK][1]: Method:WXTextureTools.Application.AppCmdExec.WXSlimFirstBundleExec.todo; File:.0
[CALL STACK][2]: Method:WXTextureTools.Application.App.process; File:.0
</stackFrames>
</wxlog>
<wxlog>
  <threadId>#main</threadId>
  <timestamp>13:14:55:8729</timestamp>
  <msgtype>MsgMixture</msgtype>
  <content>string|string|bool
AssetBundleText slim - pngName,EFF_Xingxing_006.2869be0d,false</content>
  <stackFrames>
[CALL STACK][0]: Method:WXTextureTools.Application.FirstBundle.FirstBundleHandler.slim; File:.0
[CALL STACK][1]: Method:WXTextureTools.Application.AppCmdExec.WXSlimFirstBundleExec.todo; File:.0
[CALL STACK][2]: Method:WXTextureTools.Application.App.process; File:.0
</stackFrames>
</wxlog>
<wxlog>
  <threadId>#main</threadId>
  <timestamp>13:14:55:8739</timestamp>
  <msgtype>MsgMixture</msgtype>
  <content>string|string|bool
AssetBundleText slim - pngName,UI_Touxiang_002.06d13e4b,false</content>
  <stackFrames>
[CALL STACK][0]: Method:WXTextureTools.Application.FirstBundle.FirstBundleHandler.slim; File:.0
[CALL STACK][1]: Method:WXTextureTools.Application.AppCmdExec.WXSlimFirstBundleExec.todo; File:.0
[CALL STACK][2]: Method:WXTextureTools.Application.App.process; File:.0
</stackFrames>
</wxlog>
<wxlog>
  <threadId>#main</threadId>
  <timestamp>13:14:55:8744</timestamp>
  <msgtype>MsgMixture</msgtype>
  <content>string|string|bool
AssetBundleText slim - pngName,UI_Jinbi_002.bbde4404,false</content>
  <stackFrames>
[CALL STACK][0]: Method:WXTextureTools.Application.FirstBundle.FirstBundleHandler.slim; File:.0
[CALL STACK][1]: Method:WXTextureTools.Application.AppCmdExec.WXSlimFirstBundleExec.todo; File:.0
[CALL STACK][2]: Method:WXTextureTools.Application.App.process; File:.0
</stackFrames>
</wxlog>
<wxlog>
  <threadId>#main</threadId>
  <timestamp>13:14:55:8764</timestamp>
  <msgtype>MsgMixture</msgtype>
  <content>string|string|bool
AssetBundleText slim - pngName,EFF_Xingxing_002.80790bf0,false</content>
  <stackFrames>
[CALL STACK][0]: Method:WXTextureTools.Application.FirstBundle.FirstBundleHandler.slim; File:.0
[CALL STACK][1]: Method:WXTextureTools.Application.AppCmdExec.WXSlimFirstBundleExec.todo; File:.0
[CALL STACK][2]: Method:WXTextureTools.Application.App.process; File:.0
</stackFrames>
</wxlog>
<wxlog>
  <threadId>#main</threadId>
  <timestamp>13:14:55:8790</timestamp>
  <msgtype>MsgMixture</msgtype>
  <content>string|string|bool
AssetBundleText slim - pngName,CHW_4002_02.fbf63aa1,false</content>
  <stackFrames>
[CALL STACK][0]: Method:WXTextureTools.Application.FirstBundle.FirstBundleHandler.slim; File:.0
[CALL STACK][1]: Method:WXTextureTools.Application.AppCmdExec.WXSlimFirstBundleExec.todo; File:.0
[CALL STACK][2]: Method:WXTextureTools.Application.App.process; File:.0
</stackFrames>
</wxlog>
<wxlog>
  <threadId>#main</threadId>
  <timestamp>13:14:55:8800</timestamp>
  <msgtype>MsgMixture</msgtype>
  <content>string|string|bool
AssetBundleText slim - pngName,UI_Guanbi_001.0628f23f,false</content>
  <stackFrames>
[CALL STACK][0]: Method:WXTextureTools.Application.FirstBundle.FirstBundleHandler.slim; File:.0
[CALL STACK][1]: Method:WXTextureTools.Application.AppCmdExec.WXSlimFirstBundleExec.todo; File:.0
[CALL STACK][2]: Method:WXTextureTools.Application.App.process; File:.0
</stackFrames>
</wxlog>
<wxlog>
  <threadId>#main</threadId>
  <timestamp>13:14:55:8825</timestamp>
  <msgtype>MsgMixture</msgtype>
  <content>string|string|bool
AssetBundleText slim - pngName,UI_Touxiang_003.46fcf2c2,false</content>
  <stackFrames>
[CALL STACK][0]: Method:WXTextureTools.Application.FirstBundle.FirstBundleHandler.slim; File:.0
[CALL STACK][1]: Method:WXTextureTools.Application.AppCmdExec.WXSlimFirstBundleExec.todo; File:.0
[CALL STACK][2]: Method:WXTextureTools.Application.App.process; File:.0
</stackFrames>
</wxlog>
<wxlog>
  <threadId>#main</threadId>
  <timestamp>13:14:55:8931</timestamp>
  <msgtype>MsgMixture</msgtype>
  <content>string|string|bool
AssetBundleText slim - pngName,SGTJ_004.7c152bc4,false</content>
  <stackFrames>
[CALL STACK][0]: Method:WXTextureTools.Application.FirstBundle.FirstBundleHandler.slim; File:.0
[CALL STACK][1]: Method:WXTextureTools.Application.AppCmdExec.WXSlimFirstBundleExec.todo; File:.0
[CALL STACK][2]: Method:WXTextureTools.Application.App.process; File:.0
</stackFrames>
</wxlog>
<wxlog>
  <threadId>#main</threadId>
  <timestamp>13:14:55:8946</timestamp>
  <msgtype>MsgMixture</msgtype>
  <content>string|string|bool
AssetBundleText slim - pngName,UI_Cguan_002.25885eef,false</content>
  <stackFrames>
[CALL STACK][0]: Method:WXTextureTools.Application.FirstBundle.FirstBundleHandler.slim; File:.0
[CALL STACK][1]: Method:WXTextureTools.Application.AppCmdExec.WXSlimFirstBundleExec.todo; File:.0
[CALL STACK][2]: Method:WXTextureTools.Application.App.process; File:.0
</stackFrames>
</wxlog>
<wxlog>
  <threadId>#main</threadId>
  <timestamp>13:14:55:9293</timestamp>
  <msgtype>MsgMixture</msgtype>
  <content>string|string|bool
AssetBundleText slim - pngName,CHWTJ_008.4bb235ce,false</content>
  <stackFrames>
[CALL STACK][0]: Method:WXTextureTools.Application.FirstBundle.FirstBundleHandler.slim; File:.0
[CALL STACK][1]: Method:WXTextureTools.Application.AppCmdExec.WXSlimFirstBundleExec.todo; File:.0
[CALL STACK][2]: Method:WXTextureTools.Application.App.process; File:.0
</stackFrames>
</wxlog>
<wxlog>
  <threadId>#main</threadId>
  <timestamp>13:14:55:9328</timestamp>
  <msgtype>MsgMixture</msgtype>
  <content>string|string|bool
AssetBundleText slim - pngName,CHW_3002_02.68fe6a40,false</content>
  <stackFrames>
[CALL STACK][0]: Method:WXTextureTools.Application.FirstBundle.FirstBundleHandler.slim; File:.0
[CALL STACK][1]: Method:WXTextureTools.Application.AppCmdExec.WXSlimFirstBundleExec.todo; File:.0
[CALL STACK][2]: Method:WXTextureTools.Application.App.process; File:.0
</stackFrames>
</wxlog>
<wxlog>
  <threadId>#main</threadId>
  <timestamp>13:14:55:9348</timestamp>
  <msgtype>MsgMixture</msgtype>
  <content>string|string|bool
AssetBundleText slim - pngName,CHW_3004_02.117443e4,false</content>
  <stackFrames>
[CALL STACK][0]: Method:WXTextureTools.Application.FirstBundle.FirstBundleHandler.slim; File:.0
[CALL STACK][1]: Method:WXTextureTools.Application.AppCmdExec.WXSlimFirstBundleExec.todo; File:.0
[CALL STACK][2]: Method:WXTextureTools.Application.App.process; File:.0
</stackFrames>
</wxlog>
<wxlog>
  <threadId>#main</threadId>
  <timestamp>13:14:55:9383</timestamp>
  <msgtype>MsgMixture</msgtype>
  <content>string|string|bool
AssetBundleText slim - pngName,Fuhua_LV2.9bdbc880,false</content>
  <stackFrames>
[CALL STACK][0]: Method:WXTextureTools.Application.FirstBundle.FirstBundleHandler.slim; File:.0
[CALL STACK][1]: Method:WXTextureTools.Application.AppCmdExec.WXSlimFirstBundleExec.todo; File:.0
[CALL STACK][2]: Method:WXTextureTools.Application.App.process; File:.0
</stackFrames>
</wxlog>
<wxlog>
  <threadId>#main</threadId>
  <timestamp>13:14:55:9409</timestamp>
  <msgtype>MsgMixture</msgtype>
  <content>string|string|bool
AssetBundleText slim - pngName,CHW_1006_02.cefdaf54,false</content>
  <stackFrames>
[CALL STACK][0]: Method:WXTextureTools.Application.FirstBundle.FirstBundleHandler.slim; File:.0
[CALL STACK][1]: Method:WXTextureTools.Application.AppCmdExec.WXSlimFirstBundleExec.todo; File:.0
[CALL STACK][2]: Method:WXTextureTools.Application.App.process; File:.0
</stackFrames>
</wxlog>
<wxlog>
  <threadId>#main</threadId>
  <timestamp>13:14:55:9449</timestamp>
  <msgtype>MsgMixture</msgtype>
  <content>string|string|bool
AssetBundleText slim - pngName,UI_Egg_Mythic.14b04dae,false</content>
  <stackFrames>
[CALL STACK][0]: Method:WXTextureTools.Application.FirstBundle.FirstBundleHandler.slim; File:.0
[CALL STACK][1]: Method:WXTextureTools.Application.AppCmdExec.WXSlimFirstBundleExec.todo; File:.0
[CALL STACK][2]: Method:WXTextureTools.Application.App.process; File:.0
</stackFrames>
</wxlog>
<wxlog>
  <threadId>#main</threadId>
  <timestamp>13:14:55:9459</timestamp>
  <msgtype>MsgMixture</msgtype>
  <content>string|string|bool
AssetBundleText slim - pngName,UI_Jinbi_003.c272a634,false</content>
  <stackFrames>
[CALL STACK][0]: Method:WXTextureTools.Application.FirstBundle.FirstBundleHandler.slim; File:.0
[CALL STACK][1]: Method:WXTextureTools.Application.AppCmdExec.WXSlimFirstBundleExec.todo; File:.0
[CALL STACK][2]: Method:WXTextureTools.Application.App.process; File:.0
</stackFrames>
</wxlog>
<wxlog>
  <threadId>#main</threadId>
  <timestamp>13:14:55:9497</timestamp>
  <msgtype>MsgMixture</msgtype>
  <content>string|string|bool
AssetBundleText slim - pngName,9.7e3d2a70,false</content>
  <stackFrames>
[CALL STACK][0]: Method:WXTextureTools.Application.FirstBundle.FirstBundleHandler.slim; File:.0
[CALL STACK][1]: Method:WXTextureTools.Application.AppCmdExec.WXSlimFirstBundleExec.todo; File:.0
[CALL STACK][2]: Method:WXTextureTools.Application.App.process; File:.0
</stackFrames>
</wxlog>
<wxlog>
  <threadId>#main</threadId>
  <timestamp>13:14:55:9513</timestamp>
  <msgtype>MsgMixture</msgtype>
  <content>string|string|bool
AssetBundleText slim - pngName,UI_Touxiang_005.a168305b,false</content>
  <stackFrames>
[CALL STACK][0]: Method:WXTextureTools.Application.FirstBundle.FirstBundleHandler.slim; File:.0
[CALL STACK][1]: Method:WXTextureTools.Application.AppCmdExec.WXSlimFirstBundleExec.todo; File:.0
[CALL STACK][2]: Method:WXTextureTools.Application.App.process; File:.0
</stackFrames>
</wxlog>
<wxlog>
  <threadId>#main</threadId>
  <timestamp>13:14:55:9533</timestamp>
  <msgtype>MsgMixture</msgtype>
  <content>string|string|bool
AssetBundleText slim - pngName,EFF_Xingxing_001.ccadb8cd,false</content>
  <stackFrames>
[CALL STACK][0]: Method:WXTextureTools.Application.FirstBundle.FirstBundleHandler.slim; File:.0
[CALL STACK][1]: Method:WXTextureTools.Application.AppCmdExec.WXSlimFirstBundleExec.todo; File:.0
[CALL STACK][2]: Method:WXTextureTools.Application.App.process; File:.0
</stackFrames>
</wxlog>
<wxlog>
  <threadId>#main</threadId>
  <timestamp>13:14:55:9618</timestamp>
  <msgtype>MsgMixture</msgtype>
  <content>string|string|bool
AssetBundleText slim - pngName,UI_Xiaochukacao_001 1.75638d5e,false</content>
  <stackFrames>
[CALL STACK][0]: Method:WXTextureTools.Application.FirstBundle.FirstBundleHandler.slim; File:.0
[CALL STACK][1]: Method:WXTextureTools.Application.AppCmdExec.WXSlimFirstBundleExec.todo; File:.0
[CALL STACK][2]: Method:WXTextureTools.Application.App.process; File:.0
</stackFrames>
</wxlog>
<wxlog>
  <threadId>#main</threadId>
  <timestamp>13:14:55:9644</timestamp>
  <msgtype>MsgMixture</msgtype>
  <content>string|string|bool
AssetBundleText slim - pngName,CHW_5004_02.1de96be3,false</content>
  <stackFrames>
[CALL STACK][0]: Method:WXTextureTools.Application.FirstBundle.FirstBundleHandler.slim; File:.0
[CALL STACK][1]: Method:WXTextureTools.Application.AppCmdExec.WXSlimFirstBundleExec.todo; File:.0
[CALL STACK][2]: Method:WXTextureTools.Application.App.process; File:.0
</stackFrames>
</wxlog>
<wxlog>
  <threadId>#main</threadId>
  <timestamp>13:14:55:9674</timestamp>
  <msgtype>MsgMixture</msgtype>
  <content>string|string|bool
AssetBundleText slim - pngName,CHW_4005_01.63e6a9ab,false</content>
  <stackFrames>
[CALL STACK][0]: Method:WXTextureTools.Application.FirstBundle.FirstBundleHandler.slim; File:.0
[CALL STACK][1]: Method:WXTextureTools.Application.AppCmdExec.WXSlimFirstBundleExec.todo; File:.0
[CALL STACK][2]: Method:WXTextureTools.Application.App.process; File:.0
</stackFrames>
</wxlog>
<wxlog>
  <threadId>#main</threadId>
  <timestamp>13:14:55:9699</timestamp>
  <msgtype>MsgMixture</msgtype>
  <content>string|string|bool
AssetBundleText slim - pngName,CHW_1001_02.275fa98f,false</content>
  <stackFrames>
[CALL STACK][0]: Method:WXTextureTools.Application.FirstBundle.FirstBundleHandler.slim; File:.0
[CALL STACK][1]: Method:WXTextureTools.Application.AppCmdExec.WXSlimFirstBundleExec.todo; File:.0
[CALL STACK][2]: Method:WXTextureTools.Application.App.process; File:.0
</stackFrames>
</wxlog>
<wxlog>
  <threadId>#main</threadId>
  <timestamp>13:14:55:9946</timestamp>
  <msgtype>MsgMixture</msgtype>
  <content>string|string|bool
AssetBundleText slim - pngName,UI_Jiazai_005.5a5e119e,false</content>
  <stackFrames>
[CALL STACK][0]: Method:WXTextureTools.Application.FirstBundle.FirstBundleHandler.slim; File:.0
[CALL STACK][1]: Method:WXTextureTools.Application.AppCmdExec.WXSlimFirstBundleExec.todo; File:.0
[CALL STACK][2]: Method:WXTextureTools.Application.App.process; File:.0
</stackFrames>
</wxlog>
<wxlog>
  <threadId>#main</threadId>
  <timestamp>13:14:55:9962</timestamp>
  <msgtype>MsgMixture</msgtype>
  <content>string|string|bool
AssetBundleText slim - pngName,UI_Jiazai_003.29f8466c,false</content>
  <stackFrames>
[CALL STACK][0]: Method:WXTextureTools.Application.FirstBundle.FirstBundleHandler.slim; File:.0
[CALL STACK][1]: Method:WXTextureTools.Application.AppCmdExec.WXSlimFirstBundleExec.todo; File:.0
[CALL STACK][2]: Method:WXTextureTools.Application.App.process; File:.0
</stackFrames>
</wxlog>
<wxlog>
  <threadId>#main</threadId>
  <timestamp>13:14:56:0227</timestamp>
  <msgtype>MsgMixture</msgtype>
  <content>string|string|bool
AssetBundleText slim - pngName,CHWTJ_006.3459ab8d,false</content>
  <stackFrames>
[CALL STACK][0]: Method:WXTextureTools.Application.FirstBundle.FirstBundleHandler.slim; File:.0
[CALL STACK][1]: Method:WXTextureTools.Application.AppCmdExec.WXSlimFirstBundleExec.todo; File:.0
[CALL STACK][2]: Method:WXTextureTools.Application.App.process; File:.0
</stackFrames>
</wxlog>
<wxlog>
  <threadId>#main</threadId>
  <timestamp>13:14:56:0237</timestamp>
  <msgtype>MsgMixture</msgtype>
  <content>string|string|bool
AssetBundleText slim - pngName,UI_Jingyan_002.05702573,false</content>
  <stackFrames>
[CALL STACK][0]: Method:WXTextureTools.Application.FirstBundle.FirstBundleHandler.slim; File:.0
[CALL STACK][1]: Method:WXTextureTools.Application.AppCmdExec.WXSlimFirstBundleExec.todo; File:.0
[CALL STACK][2]: Method:WXTextureTools.Application.App.process; File:.0
</stackFrames>
</wxlog>
<wxlog>
  <threadId>#main</threadId>
  <timestamp>13:14:56:0247</timestamp>
  <msgtype>MsgMixture</msgtype>
  <content>string|string|bool
AssetBundleText slim - pngName,CHW_3002_01.eeeba994,false</content>
  <stackFrames>
[CALL STACK][0]: Method:WXTextureTools.Application.FirstBundle.FirstBundleHandler.slim; File:.0
[CALL STACK][1]: Method:WXTextureTools.Application.AppCmdExec.WXSlimFirstBundleExec.todo; File:.0
[CALL STACK][2]: Method:WXTextureTools.Application.App.process; File:.0
</stackFrames>
</wxlog>
<wxlog>
  <threadId>#main</threadId>
  <timestamp>13:14:56:0257</timestamp>
  <msgtype>MsgMixture</msgtype>
  <content>string|string|bool
AssetBundleText slim - pngName,UI_Daojushiyong_006.a1046221,false</content>
  <stackFrames>
[CALL STACK][0]: Method:WXTextureTools.Application.FirstBundle.FirstBundleHandler.slim; File:.0
[CALL STACK][1]: Method:WXTextureTools.Application.AppCmdExec.WXSlimFirstBundleExec.todo; File:.0
[CALL STACK][2]: Method:WXTextureTools.Application.App.process; File:.0
</stackFrames>
</wxlog>
<wxlog>
  <threadId>#main</threadId>
  <timestamp>13:14:56:0292</timestamp>
  <msgtype>MsgMixture</msgtype>
  <content>string|string|bool
AssetBundleText slim - pngName,UI_Touxiangkuang_104.d02cfd7a,false</content>
  <stackFrames>
[CALL STACK][0]: Method:WXTextureTools.Application.FirstBundle.FirstBundleHandler.slim; File:.0
[CALL STACK][1]: Method:WXTextureTools.Application.AppCmdExec.WXSlimFirstBundleExec.todo; File:.0
[CALL STACK][2]: Method:WXTextureTools.Application.App.process; File:.0
</stackFrames>
</wxlog>
<wxlog>
  <threadId>#main</threadId>
  <timestamp>13:14:56:0318</timestamp>
  <msgtype>MsgMixture</msgtype>
  <content>string|string|bool
AssetBundleText slim - pngName,CHW_4002_01.dab0fab5,false</content>
  <stackFrames>
[CALL STACK][0]: Method:WXTextureTools.Application.FirstBundle.FirstBundleHandler.slim; File:.0
[CALL STACK][1]: Method:WXTextureTools.Application.AppCmdExec.WXSlimFirstBundleExec.todo; File:.0
[CALL STACK][2]: Method:WXTextureTools.Application.App.process; File:.0
</stackFrames>
</wxlog>
<wxlog>
  <threadId>#main</threadId>
  <timestamp>13:14:56:0328</timestamp>
  <msgtype>MsgMixture</msgtype>
  <content>string|string|bool
AssetBundleText slim - pngName,UI_Jinbi_001.14108be4,false</content>
  <stackFrames>
[CALL STACK][0]: Method:WXTextureTools.Application.FirstBundle.FirstBundleHandler.slim; File:.0
[CALL STACK][1]: Method:WXTextureTools.Application.AppCmdExec.WXSlimFirstBundleExec.todo; File:.0
[CALL STACK][2]: Method:WXTextureTools.Application.App.process; File:.0
</stackFrames>
</wxlog>
<wxlog>
  <threadId>#main</threadId>
  <timestamp>13:14:56:0343</timestamp>
  <msgtype>MsgMixture</msgtype>
  <content>string|string|bool
AssetBundleText slim - pngName,UI_Shuiguotujian_008.077a8e5d,false</content>
  <stackFrames>
[CALL STACK][0]: Method:WXTextureTools.Application.FirstBundle.FirstBundleHandler.slim; File:.0
[CALL STACK][1]: Method:WXTextureTools.Application.AppCmdExec.WXSlimFirstBundleExec.todo; File:.0
[CALL STACK][2]: Method:WXTextureTools.Application.App.process; File:.0
</stackFrames>
</wxlog>
<wxlog>
  <threadId>#main</threadId>
  <timestamp>13:14:56:0373</timestamp>
  <msgtype>MsgMixture</msgtype>
  <content>string|string|bool
AssetBundleText slim - pngName,CHW_5001_01.dc19c288,false</content>
  <stackFrames>
[CALL STACK][0]: Method:WXTextureTools.Application.FirstBundle.FirstBundleHandler.slim; File:.0
[CALL STACK][1]: Method:WXTextureTools.Application.AppCmdExec.WXSlimFirstBundleExec.todo; File:.0
[CALL STACK][2]: Method:WXTextureTools.Application.App.process; File:.0
</stackFrames>
</wxlog>
<wxlog>
  <threadId>#main</threadId>
  <timestamp>13:14:56:0373</timestamp>
  <msgtype>MsgMixture</msgtype>
  <content>string|string|bool
AssetBundleText slim - pngName,2.d1eef641,false</content>
  <stackFrames>
[CALL STACK][0]: Method:WXTextureTools.Application.FirstBundle.FirstBundleHandler.slim; File:.0
[CALL STACK][1]: Method:WXTextureTools.Application.AppCmdExec.WXSlimFirstBundleExec.todo; File:.0
[CALL STACK][2]: Method:WXTextureTools.Application.App.process; File:.0
</stackFrames>
</wxlog>
<wxlog>
  <threadId>#main</threadId>
  <timestamp>13:14:56:0419</timestamp>
  <msgtype>MsgMixture</msgtype>
  <content>string|string|bool
AssetBundleText slim - pngName,UI_Jiazai_002.23712d3e,false</content>
  <stackFrames>
[CALL STACK][0]: Method:WXTextureTools.Application.FirstBundle.FirstBundleHandler.slim; File:.0
[CALL STACK][1]: Method:WXTextureTools.Application.AppCmdExec.WXSlimFirstBundleExec.todo; File:.0
[CALL STACK][2]: Method:WXTextureTools.Application.App.process; File:.0
</stackFrames>
</wxlog>
<wxlog>
  <threadId>#main</threadId>
  <timestamp>13:14:56:0455</timestamp>
  <msgtype>MsgMixture</msgtype>
  <content>string|string|bool
AssetBundleText slim - pngName,CHW_2004_02.6ddcde07,false</content>
  <stackFrames>
[CALL STACK][0]: Method:WXTextureTools.Application.FirstBundle.FirstBundleHandler.slim; File:.0
[CALL STACK][1]: Method:WXTextureTools.Application.AppCmdExec.WXSlimFirstBundleExec.todo; File:.0
[CALL STACK][2]: Method:WXTextureTools.Application.App.process; File:.0
</stackFrames>
</wxlog>
<wxlog>
  <threadId>#main</threadId>
  <timestamp>13:14:56:0480</timestamp>
  <msgtype>MsgMixture</msgtype>
  <content>string|string|bool
AssetBundleText slim - pngName,5.d397cad9,false</content>
  <stackFrames>
[CALL STACK][0]: Method:WXTextureTools.Application.FirstBundle.FirstBundleHandler.slim; File:.0
[CALL STACK][1]: Method:WXTextureTools.Application.AppCmdExec.WXSlimFirstBundleExec.todo; File:.0
[CALL STACK][2]: Method:WXTextureTools.Application.App.process; File:.0
</stackFrames>
</wxlog>
<wxlog>
  <threadId>#main</threadId>
  <timestamp>13:14:56:0500</timestamp>
  <msgtype>MsgMixture</msgtype>
  <content>string|string|bool
AssetBundleText slim - pngName,UI_SS_001.fa955d42,false</content>
  <stackFrames>
[CALL STACK][0]: Method:WXTextureTools.Application.FirstBundle.FirstBundleHandler.slim; File:.0
[CALL STACK][1]: Method:WXTextureTools.Application.AppCmdExec.WXSlimFirstBundleExec.todo; File:.0
[CALL STACK][2]: Method:WXTextureTools.Application.App.process; File:.0
</stackFrames>
</wxlog>
<wxlog>
  <threadId>#main</threadId>
  <timestamp>13:14:56:0575</timestamp>
  <msgtype>MsgMixture</msgtype>
  <content>string|string|bool
AssetBundleText slim - pngName,UI_Tishi_001 1.0fd96c3e,false</content>
  <stackFrames>
[CALL STACK][0]: Method:WXTextureTools.Application.FirstBundle.FirstBundleHandler.slim; File:.0
[CALL STACK][1]: Method:WXTextureTools.Application.AppCmdExec.WXSlimFirstBundleExec.todo; File:.0
[CALL STACK][2]: Method:WXTextureTools.Application.App.process; File:.0
</stackFrames>
</wxlog>
<wxlog>
  <threadId>#main</threadId>
  <timestamp>13:14:56:0580</timestamp>
  <msgtype>MsgMixture</msgtype>
  <content>string|string|bool
AssetBundleText slim - pngName,UI_Geren_007.c2be1445,false</content>
  <stackFrames>
[CALL STACK][0]: Method:WXTextureTools.Application.FirstBundle.FirstBundleHandler.slim; File:.0
[CALL STACK][1]: Method:WXTextureTools.Application.AppCmdExec.WXSlimFirstBundleExec.todo; File:.0
[CALL STACK][2]: Method:WXTextureTools.Application.App.process; File:.0
</stackFrames>
</wxlog>
<wxlog>
  <threadId>#main</threadId>
  <timestamp>13:14:56:0586</timestamp>
  <msgtype>MsgMixture</msgtype>
  <content>string|string|bool
AssetBundleText slim - pngName,UI_Goumaitishi_007.2aa0a4fb,false</content>
  <stackFrames>
[CALL STACK][0]: Method:WXTextureTools.Application.FirstBundle.FirstBundleHandler.slim; File:.0
[CALL STACK][1]: Method:WXTextureTools.Application.AppCmdExec.WXSlimFirstBundleExec.todo; File:.0
[CALL STACK][2]: Method:WXTextureTools.Application.App.process; File:.0
</stackFrames>
</wxlog>
<wxlog>
  <threadId>#main</threadId>
  <timestamp>13:14:56:0601</timestamp>
  <msgtype>MsgMixture</msgtype>
  <content>string|string|bool
AssetBundleText slim - pngName,WP_10014.2c0ce405,false</content>
  <stackFrames>
[CALL STACK][0]: Method:WXTextureTools.Application.FirstBundle.FirstBundleHandler.slim; File:.0
[CALL STACK][1]: Method:WXTextureTools.Application.AppCmdExec.WXSlimFirstBundleExec.todo; File:.0
[CALL STACK][2]: Method:WXTextureTools.Application.App.process; File:.0
</stackFrames>
</wxlog>
<wxlog>
  <threadId>#main</threadId>
  <timestamp>13:14:56:0632</timestamp>
  <msgtype>MsgMixture</msgtype>
  <content>string|string|bool
AssetBundleText slim - pngName,UI_Geren_003.5846d663,false</content>
  <stackFrames>
[CALL STACK][0]: Method:WXTextureTools.Application.FirstBundle.FirstBundleHandler.slim; File:.0
[CALL STACK][1]: Method:WXTextureTools.Application.AppCmdExec.WXSlimFirstBundleExec.todo; File:.0
[CALL STACK][2]: Method:WXTextureTools.Application.App.process; File:.0
</stackFrames>
</wxlog>
<wxlog>
  <threadId>#main</threadId>
  <timestamp>13:14:56:0657</timestamp>
  <msgtype>MsgMixture</msgtype>
  <content>string|string|bool
AssetBundleText slim - pngName,CHW_2005_01.cd208344,false</content>
  <stackFrames>
[CALL STACK][0]: Method:WXTextureTools.Application.FirstBundle.FirstBundleHandler.slim; File:.0
[CALL STACK][1]: Method:WXTextureTools.Application.AppCmdExec.WXSlimFirstBundleExec.todo; File:.0
[CALL STACK][2]: Method:WXTextureTools.Application.App.process; File:.0
</stackFrames>
</wxlog>
<wxlog>
  <threadId>#main</threadId>
  <timestamp>13:14:56:0844</timestamp>
  <msgtype>MsgMixture</msgtype>
  <content>string|string|bool
AssetBundleText slim - pngName,Guoshu_LV3.a269c3a4,false</content>
  <stackFrames>
[CALL STACK][0]: Method:WXTextureTools.Application.FirstBundle.FirstBundleHandler.slim; File:.0
[CALL STACK][1]: Method:WXTextureTools.Application.AppCmdExec.WXSlimFirstBundleExec.todo; File:.0
[CALL STACK][2]: Method:WXTextureTools.Application.App.process; File:.0
</stackFrames>
</wxlog>
<wxlog>
  <threadId>#main</threadId>
  <timestamp>13:14:56:0865</timestamp>
  <msgtype>MsgMixture</msgtype>
  <content>string|string|bool
AssetBundleText slim - pngName,UI_SS_006.97fe1ba4,false</content>
  <stackFrames>
[CALL STACK][0]: Method:WXTextureTools.Application.FirstBundle.FirstBundleHandler.slim; File:.0
[CALL STACK][1]: Method:WXTextureTools.Application.AppCmdExec.WXSlimFirstBundleExec.todo; File:.0
[CALL STACK][2]: Method:WXTextureTools.Application.App.process; File:.0
</stackFrames>
</wxlog>
<wxlog>
  <threadId>#main</threadId>
  <timestamp>13:14:56:0875</timestamp>
  <msgtype>MsgMixture</msgtype>
  <content>string|string|bool
AssetBundleText slim - pngName,UI_SS_010.3d4186b8,false</content>
  <stackFrames>
[CALL STACK][0]: Method:WXTextureTools.Application.FirstBundle.FirstBundleHandler.slim; File:.0
[CALL STACK][1]: Method:WXTextureTools.Application.AppCmdExec.WXSlimFirstBundleExec.todo; File:.0
[CALL STACK][2]: Method:WXTextureTools.Application.App.process; File:.0
</stackFrames>
</wxlog>
<wxlog>
  <threadId>#main</threadId>
  <timestamp>13:14:56:0890</timestamp>
  <msgtype>MsgMixture</msgtype>
  <content>string|string|bool
AssetBundleText slim - pngName,UI_Daojutishi_004.99b6ded8,false</content>
  <stackFrames>
[CALL STACK][0]: Method:WXTextureTools.Application.FirstBundle.FirstBundleHandler.slim; File:.0
[CALL STACK][1]: Method:WXTextureTools.Application.AppCmdExec.WXSlimFirstBundleExec.todo; File:.0
[CALL STACK][2]: Method:WXTextureTools.Application.App.process; File:.0
</stackFrames>
</wxlog>
<wxlog>
  <threadId>#main</threadId>
  <timestamp>13:14:56:0901</timestamp>
  <msgtype>MsgMixture</msgtype>
  <content>string|string|bool
AssetBundleText slim - pngName,UI_SS_004.939459c4,false</content>
  <stackFrames>
[CALL STACK][0]: Method:WXTextureTools.Application.FirstBundle.FirstBundleHandler.slim; File:.0
[CALL STACK][1]: Method:WXTextureTools.Application.AppCmdExec.WXSlimFirstBundleExec.todo; File:.0
[CALL STACK][2]: Method:WXTextureTools.Application.App.process; File:.0
</stackFrames>
</wxlog>
<wxlog>
  <threadId>#main</threadId>
  <timestamp>13:14:56:0921</timestamp>
  <msgtype>MsgMixture</msgtype>
  <content>string|string|bool
AssetBundleText slim - pngName,CHW_4001_02.9486a98f,false</content>
  <stackFrames>
[CALL STACK][0]: Method:WXTextureTools.Application.FirstBundle.FirstBundleHandler.slim; File:.0
[CALL STACK][1]: Method:WXTextureTools.Application.AppCmdExec.WXSlimFirstBundleExec.todo; File:.0
[CALL STACK][2]: Method:WXTextureTools.Application.App.process; File:.0
</stackFrames>
</wxlog>
<wxlog>
  <threadId>#main</threadId>
  <timestamp>13:14:56:1092</timestamp>
  <msgtype>MsgMixture</msgtype>
  <content>string|string|bool
AssetBundleText slim - pngName,Guoshu_LV4.bf49bb1f,false</content>
  <stackFrames>
[CALL STACK][0]: Method:WXTextureTools.Application.FirstBundle.FirstBundleHandler.slim; File:.0
[CALL STACK][1]: Method:WXTextureTools.Application.AppCmdExec.WXSlimFirstBundleExec.todo; File:.0
[CALL STACK][2]: Method:WXTextureTools.Application.App.process; File:.0
</stackFrames>
</wxlog>
<wxlog>
  <threadId>#main</threadId>
  <timestamp>13:14:56:1122</timestamp>
  <msgtype>MsgMixture</msgtype>
  <content>string|string|bool
AssetBundleText slim - pngName,UI_Touxiangkuang_002.4e645c3a,false</content>
  <stackFrames>
[CALL STACK][0]: Method:WXTextureTools.Application.FirstBundle.FirstBundleHandler.slim; File:.0
[CALL STACK][1]: Method:WXTextureTools.Application.AppCmdExec.WXSlimFirstBundleExec.todo; File:.0
[CALL STACK][2]: Method:WXTextureTools.Application.App.process; File:.0
</stackFrames>
</wxlog>
<wxlog>
  <threadId>#main</threadId>
  <timestamp>13:14:56:1169</timestamp>
  <msgtype>MsgMixture</msgtype>
  <content>string|string|bool
AssetBundleText slim - pngName,EFF_Xingxing_005.6f69190a,false</content>
  <stackFrames>
[CALL STACK][0]: Method:WXTextureTools.Application.FirstBundle.FirstBundleHandler.slim; File:.0
[CALL STACK][1]: Method:WXTextureTools.Application.AppCmdExec.WXSlimFirstBundleExec.todo; File:.0
[CALL STACK][2]: Method:WXTextureTools.Application.App.process; File:.0
</stackFrames>
</wxlog>
<wxlog>
  <threadId>#main</threadId>
  <timestamp>13:14:56:1179</timestamp>
  <msgtype>MsgMixture</msgtype>
  <content>string|string|bool
AssetBundleText slim - pngName,UI_Shuiguotujian_003.0f17888e,false</content>
  <stackFrames>
[CALL STACK][0]: Method:WXTextureTools.Application.FirstBundle.FirstBundleHandler.slim; File:.0
[CALL STACK][1]: Method:WXTextureTools.Application.AppCmdExec.WXSlimFirstBundleExec.todo; File:.0
[CALL STACK][2]: Method:WXTextureTools.Application.App.process; File:.0
</stackFrames>
</wxlog>
<wxlog>
  <threadId>#main</threadId>
  <timestamp>13:14:56:1209</timestamp>
  <msgtype>MsgMixture</msgtype>
  <content>string|string|bool
AssetBundleText slim - pngName,CHW_3001_02.b1f88d3c,false</content>
  <stackFrames>
[CALL STACK][0]: Method:WXTextureTools.Application.FirstBundle.FirstBundleHandler.slim; File:.0
[CALL STACK][1]: Method:WXTextureTools.Application.AppCmdExec.WXSlimFirstBundleExec.todo; File:.0
[CALL STACK][2]: Method:WXTextureTools.Application.App.process; File:.0
</stackFrames>
</wxlog>
<wxlog>
  <threadId>#main</threadId>
  <timestamp>13:14:56:1240</timestamp>
  <msgtype>MsgMixture</msgtype>
  <content>string|string|bool
AssetBundleText slim - pngName,8.9a883713,false</content>
  <stackFrames>
[CALL STACK][0]: Method:WXTextureTools.Application.FirstBundle.FirstBundleHandler.slim; File:.0
[CALL STACK][1]: Method:WXTextureTools.Application.AppCmdExec.WXSlimFirstBundleExec.todo; File:.0
[CALL STACK][2]: Method:WXTextureTools.Application.App.process; File:.0
</stackFrames>
</wxlog>
<wxlog>
  <threadId>#main</threadId>
  <timestamp>13:14:56:1255</timestamp>
  <msgtype>MsgMixture</msgtype>
  <content>string|string|bool
AssetBundleText slim - pngName,UI_Di_003.37c9a0f8,false</content>
  <stackFrames>
[CALL STACK][0]: Method:WXTextureTools.Application.FirstBundle.FirstBundleHandler.slim; File:.0
[CALL STACK][1]: Method:WXTextureTools.Application.AppCmdExec.WXSlimFirstBundleExec.todo; File:.0
[CALL STACK][2]: Method:WXTextureTools.Application.App.process; File:.0
</stackFrames>
</wxlog>
<wxlog>
  <threadId>#main</threadId>
  <timestamp>13:14:56:1312</timestamp>
  <msgtype>MsgMixture</msgtype>
  <content>string|string|bool
AssetBundleText slim - pngName,UI_Egg_Legendary.e009c575,false</content>
  <stackFrames>
[CALL STACK][0]: Method:WXTextureTools.Application.FirstBundle.FirstBundleHandler.slim; File:.0
[CALL STACK][1]: Method:WXTextureTools.Application.AppCmdExec.WXSlimFirstBundleExec.todo; File:.0
[CALL STACK][2]: Method:WXTextureTools.Application.App.process; File:.0
</stackFrames>
</wxlog>
<wxlog>
  <threadId>#main</threadId>
  <timestamp>13:14:56:1342</timestamp>
  <msgtype>MsgMixture</msgtype>
  <content>string|string|bool
AssetBundleText slim - pngName,UI_Touxiang_006.1316ff91,false</content>
  <stackFrames>
[CALL STACK][0]: Method:WXTextureTools.Application.FirstBundle.FirstBundleHandler.slim; File:.0
[CALL STACK][1]: Method:WXTextureTools.Application.AppCmdExec.WXSlimFirstBundleExec.todo; File:.0
[CALL STACK][2]: Method:WXTextureTools.Application.App.process; File:.0
</stackFrames>
</wxlog>
<wxlog>
  <threadId>#main</threadId>
  <timestamp>13:14:56:1352</timestamp>
  <msgtype>MsgMixture</msgtype>
  <content>string|string|bool
AssetBundleText slim - pngName,0.cc1d91fd,false</content>
  <stackFrames>
[CALL STACK][0]: Method:WXTextureTools.Application.FirstBundle.FirstBundleHandler.slim; File:.0
[CALL STACK][1]: Method:WXTextureTools.Application.AppCmdExec.WXSlimFirstBundleExec.todo; File:.0
[CALL STACK][2]: Method:WXTextureTools.Application.App.process; File:.0
</stackFrames>
</wxlog>
<wxlog>
  <threadId>#main</threadId>
  <timestamp>13:14:56:2021</timestamp>
  <msgtype>MsgMixture</msgtype>
  <content>string|string|bool
AssetBundleText slim - pngName,UI_Geren_001.3eaf55a7,false</content>
  <stackFrames>
[CALL STACK][0]: Method:WXTextureTools.Application.FirstBundle.FirstBundleHandler.slim; File:.0
[CALL STACK][1]: Method:WXTextureTools.Application.AppCmdExec.WXSlimFirstBundleExec.todo; File:.0
[CALL STACK][2]: Method:WXTextureTools.Application.App.process; File:.0
</stackFrames>
</wxlog>
<wxlog>
  <threadId>#main</threadId>
  <timestamp>13:14:56:2071</timestamp>
  <msgtype>MsgMixture</msgtype>
  <content>string|string|bool
AssetBundleText slim - pngName,UI_Cguan_003.dd3cb060,false</content>
  <stackFrames>
[CALL STACK][0]: Method:WXTextureTools.Application.FirstBundle.FirstBundleHandler.slim; File:.0
[CALL STACK][1]: Method:WXTextureTools.Application.AppCmdExec.WXSlimFirstBundleExec.todo; File:.0
[CALL STACK][2]: Method:WXTextureTools.Application.App.process; File:.0
</stackFrames>
</wxlog>
<wxlog>
  <threadId>#main</threadId>
  <timestamp>13:14:56:2121</timestamp>
  <msgtype>MsgMixture</msgtype>
  <content>string|string|bool
AssetBundleText slim - pngName,SGTJ_003.9814594b,false</content>
  <stackFrames>
[CALL STACK][0]: Method:WXTextureTools.Application.FirstBundle.FirstBundleHandler.slim; File:.0
[CALL STACK][1]: Method:WXTextureTools.Application.AppCmdExec.WXSlimFirstBundleExec.todo; File:.0
[CALL STACK][2]: Method:WXTextureTools.Application.App.process; File:.0
</stackFrames>
</wxlog>
<wxlog>
  <threadId>#main</threadId>
  <timestamp>13:14:56:2177</timestamp>
  <msgtype>MsgMixture</msgtype>
  <content>string|string|bool
AssetBundleText slim - pngName,UI_Touxiangkuang_101.30ceace4,false</content>
  <stackFrames>
[CALL STACK][0]: Method:WXTextureTools.Application.FirstBundle.FirstBundleHandler.slim; File:.0
[CALL STACK][1]: Method:WXTextureTools.Application.AppCmdExec.WXSlimFirstBundleExec.todo; File:.0
[CALL STACK][2]: Method:WXTextureTools.Application.App.process; File:.0
</stackFrames>
</wxlog>
<wxlog>
  <threadId>#main</threadId>
  <timestamp>13:14:56:3040</timestamp>
  <msgtype>MsgMixture</msgtype>
  <content>string|string|bool
AssetBundleText slim - pngName,SGTJ_001.5ed25f40,false</content>
  <stackFrames>
[CALL STACK][0]: Method:WXTextureTools.Application.FirstBundle.FirstBundleHandler.slim; File:.0
[CALL STACK][1]: Method:WXTextureTools.Application.AppCmdExec.WXSlimFirstBundleExec.todo; File:.0
[CALL STACK][2]: Method:WXTextureTools.Application.App.process; File:.0
</stackFrames>
</wxlog>
<wxlog>
  <threadId>#main</threadId>
  <timestamp>13:14:56:3070</timestamp>
  <msgtype>MsgMixture</msgtype>
  <content>string|string|bool
AssetBundleText slim - pngName,CHW_5005_01.be421ee8,false</content>
  <stackFrames>
[CALL STACK][0]: Method:WXTextureTools.Application.FirstBundle.FirstBundleHandler.slim; File:.0
[CALL STACK][1]: Method:WXTextureTools.Application.AppCmdExec.WXSlimFirstBundleExec.todo; File:.0
[CALL STACK][2]: Method:WXTextureTools.Application.App.process; File:.0
</stackFrames>
</wxlog>
<wxlog>
  <threadId>#main</threadId>
  <timestamp>13:14:56:3352</timestamp>
  <msgtype>MsgMixture</msgtype>
  <content>string|string|bool
AssetBundleText slim - pngName,Zhuozi_LV0.2311defa,false</content>
  <stackFrames>
[CALL STACK][0]: Method:WXTextureTools.Application.FirstBundle.FirstBundleHandler.slim; File:.0
[CALL STACK][1]: Method:WXTextureTools.Application.AppCmdExec.WXSlimFirstBundleExec.todo; File:.0
[CALL STACK][2]: Method:WXTextureTools.Application.App.process; File:.0
</stackFrames>
</wxlog>
<wxlog>
  <threadId>#main</threadId>
  <timestamp>13:14:56:3417</timestamp>
  <msgtype>MsgMixture</msgtype>
  <content>string|string|bool
AssetBundleText slim - pngName,UI_Shuiguotujian_001.306b1e96,false</content>
  <stackFrames>
[CALL STACK][0]: Method:WXTextureTools.Application.FirstBundle.FirstBundleHandler.slim; File:.0
[CALL STACK][1]: Method:WXTextureTools.Application.AppCmdExec.WXSlimFirstBundleExec.todo; File:.0
[CALL STACK][2]: Method:WXTextureTools.Application.App.process; File:.0
</stackFrames>
</wxlog>
<wxlog>
  <threadId>#main</threadId>
  <timestamp>13:14:56:3437</timestamp>
  <msgtype>MsgMixture</msgtype>
  <content>string|string|bool
AssetBundleText slim - pngName,UI_SS_005.c347a4bb,false</content>
  <stackFrames>
[CALL STACK][0]: Method:WXTextureTools.Application.FirstBundle.FirstBundleHandler.slim; File:.0
[CALL STACK][1]: Method:WXTextureTools.Application.AppCmdExec.WXSlimFirstBundleExec.todo; File:.0
[CALL STACK][2]: Method:WXTextureTools.Application.App.process; File:.0
</stackFrames>
</wxlog>
<wxlog>
  <threadId>#main</threadId>
  <timestamp>13:14:56:3509</timestamp>
  <msgtype>MsgMixture</msgtype>
  <content>string|string|bool
AssetBundleText slim - pngName,UI_Di_004.8d2e4532,false</content>
  <stackFrames>
[CALL STACK][0]: Method:WXTextureTools.Application.FirstBundle.FirstBundleHandler.slim; File:.0
[CALL STACK][1]: Method:WXTextureTools.Application.AppCmdExec.WXSlimFirstBundleExec.todo; File:.0
[CALL STACK][2]: Method:WXTextureTools.Application.App.process; File:.0
</stackFrames>
</wxlog>
<wxlog>
  <threadId>#main</threadId>
  <timestamp>13:14:56:3549</timestamp>
  <msgtype>MsgMixture</msgtype>
  <content>string|string|bool
AssetBundleText slim - pngName,UI_Touxiang_007.84f4f145,false</content>
  <stackFrames>
[CALL STACK][0]: Method:WXTextureTools.Application.FirstBundle.FirstBundleHandler.slim; File:.0
[CALL STACK][1]: Method:WXTextureTools.Application.AppCmdExec.WXSlimFirstBundleExec.todo; File:.0
[CALL STACK][2]: Method:WXTextureTools.Application.App.process; File:.0
</stackFrames>
</wxlog>
<wxlog>
  <threadId>#main</threadId>
  <timestamp>13:14:56:3574</timestamp>
  <msgtype>MsgMixture</msgtype>
  <content>string|string|bool
AssetBundleText slim - pngName,CHW_5003_01.b14cb7a9,false</content>
  <stackFrames>
[CALL STACK][0]: Method:WXTextureTools.Application.FirstBundle.FirstBundleHandler.slim; File:.0
[CALL STACK][1]: Method:WXTextureTools.Application.AppCmdExec.WXSlimFirstBundleExec.todo; File:.0
[CALL STACK][2]: Method:WXTextureTools.Application.App.process; File:.0
</stackFrames>
</wxlog>
<wxlog>
  <threadId>#main</threadId>
  <timestamp>13:14:56:3680</timestamp>
  <msgtype>MsgMixture</msgtype>
  <content>string|string|bool
AssetBundleText slim - pngName,UI_Shuiguotujian_004.8060c3c8,false</content>
  <stackFrames>
[CALL STACK][0]: Method:WXTextureTools.Application.FirstBundle.FirstBundleHandler.slim; File:.0
[CALL STACK][1]: Method:WXTextureTools.Application.AppCmdExec.WXSlimFirstBundleExec.todo; File:.0
[CALL STACK][2]: Method:WXTextureTools.Application.App.process; File:.0
</stackFrames>
</wxlog>
<wxlog>
  <threadId>#main</threadId>
  <timestamp>13:14:56:3805</timestamp>
  <msgtype>MsgMixture</msgtype>
  <content>string|string|bool
AssetBundleText slim - pngName,UI_Geren_010.7a56c05a,false</content>
  <stackFrames>
[CALL STACK][0]: Method:WXTextureTools.Application.FirstBundle.FirstBundleHandler.slim; File:.0
[CALL STACK][1]: Method:WXTextureTools.Application.AppCmdExec.WXSlimFirstBundleExec.todo; File:.0
[CALL STACK][2]: Method:WXTextureTools.Application.App.process; File:.0
</stackFrames>
</wxlog>
<wxlog>
  <threadId>#main</threadId>
  <timestamp>13:14:56:3861</timestamp>
  <msgtype>MsgMixture</msgtype>
  <content>string|string|bool
AssetBundleText slim - pngName,3.7641c4da,false</content>
  <stackFrames>
[CALL STACK][0]: Method:WXTextureTools.Application.FirstBundle.FirstBundleHandler.slim; File:.0
[CALL STACK][1]: Method:WXTextureTools.Application.AppCmdExec.WXSlimFirstBundleExec.todo; File:.0
[CALL STACK][2]: Method:WXTextureTools.Application.App.process; File:.0
</stackFrames>
</wxlog>
<wxlog>
  <threadId>#main</threadId>
  <timestamp>13:14:56:3906</timestamp>
  <msgtype>MsgMixture</msgtype>
  <content>string|string|bool
AssetBundleText slim - pngName,CHW_3003_01.30a049e9,false</content>
  <stackFrames>
[CALL STACK][0]: Method:WXTextureTools.Application.FirstBundle.FirstBundleHandler.slim; File:.0
[CALL STACK][1]: Method:WXTextureTools.Application.AppCmdExec.WXSlimFirstBundleExec.todo; File:.0
[CALL STACK][2]: Method:WXTextureTools.Application.App.process; File:.0
</stackFrames>
</wxlog>
<wxlog>
  <threadId>#main</threadId>
  <timestamp>13:14:56:3936</timestamp>
  <msgtype>MsgMixture</msgtype>
  <content>string|string|bool
AssetBundleText slim - pngName,CHW_2002_02.bae5cddd,false</content>
  <stackFrames>
[CALL STACK][0]: Method:WXTextureTools.Application.FirstBundle.FirstBundleHandler.slim; File:.0
[CALL STACK][1]: Method:WXTextureTools.Application.AppCmdExec.WXSlimFirstBundleExec.todo; File:.0
[CALL STACK][2]: Method:WXTextureTools.Application.App.process; File:.0
</stackFrames>
</wxlog>
<wxlog>
  <threadId>#main</threadId>
  <timestamp>13:14:56:4022</timestamp>
  <msgtype>MsgMixture</msgtype>
  <content>string|string|bool
AssetBundleText slim - pngName,CHW_2001_02.62e27ca9,false</content>
  <stackFrames>
[CALL STACK][0]: Method:WXTextureTools.Application.FirstBundle.FirstBundleHandler.slim; File:.0
[CALL STACK][1]: Method:WXTextureTools.Application.AppCmdExec.WXSlimFirstBundleExec.todo; File:.0
[CALL STACK][2]: Method:WXTextureTools.Application.App.process; File:.0
</stackFrames>
</wxlog>
<wxlog>
  <threadId>#main</threadId>
  <timestamp>13:14:56:4057</timestamp>
  <msgtype>MsgMixture</msgtype>
  <content>string|string|bool
AssetBundleText slim - pngName,CHW_1005_01.bc5db8e2,false</content>
  <stackFrames>
[CALL STACK][0]: Method:WXTextureTools.Application.FirstBundle.FirstBundleHandler.slim; File:.0
[CALL STACK][1]: Method:WXTextureTools.Application.AppCmdExec.WXSlimFirstBundleExec.todo; File:.0
[CALL STACK][2]: Method:WXTextureTools.Application.App.process; File:.0
</stackFrames>
</wxlog>
<wxlog>
  <threadId>#main</threadId>
  <timestamp>13:14:56:4188</timestamp>
  <msgtype>MsgMixture</msgtype>
  <content>string|string|bool
AssetBundleText slim - pngName,CHW_1003_01.9b37424c,false</content>
  <stackFrames>
[CALL STACK][0]: Method:WXTextureTools.Application.FirstBundle.FirstBundleHandler.slim; File:.0
[CALL STACK][1]: Method:WXTextureTools.Application.AppCmdExec.WXSlimFirstBundleExec.todo; File:.0
[CALL STACK][2]: Method:WXTextureTools.Application.App.process; File:.0
</stackFrames>
</wxlog>
<wxlog>
  <threadId>#main</threadId>
  <timestamp>13:14:56:4239</timestamp>
  <msgtype>MsgMixture</msgtype>
  <content>string|string|bool
AssetBundleText slim - pngName,Zhuozi_LV2.76596033,false</content>
  <stackFrames>
[CALL STACK][0]: Method:WXTextureTools.Application.FirstBundle.FirstBundleHandler.slim; File:.0
[CALL STACK][1]: Method:WXTextureTools.Application.AppCmdExec.WXSlimFirstBundleExec.todo; File:.0
[CALL STACK][2]: Method:WXTextureTools.Application.App.process; File:.0
</stackFrames>
</wxlog>
<wxlog>
  <threadId>#main</threadId>
  <timestamp>13:14:56:4259</timestamp>
  <msgtype>MsgMixture</msgtype>
  <content>string|string|bool
AssetBundleText slim - pngName,UI_Jiazai_004.6ad5eb52,false</content>
  <stackFrames>
[CALL STACK][0]: Method:WXTextureTools.Application.FirstBundle.FirstBundleHandler.slim; File:.0
[CALL STACK][1]: Method:WXTextureTools.Application.AppCmdExec.WXSlimFirstBundleExec.todo; File:.0
[CALL STACK][2]: Method:WXTextureTools.Application.App.process; File:.0
</stackFrames>
</wxlog>
<wxlog>
  <threadId>#main</threadId>
  <timestamp>13:14:56:4304</timestamp>
  <msgtype>MsgMixture</msgtype>
  <content>string|string|bool
AssetBundleText slim - pngName,UI_CD_002.e9219834,false</content>
  <stackFrames>
[CALL STACK][0]: Method:WXTextureTools.Application.FirstBundle.FirstBundleHandler.slim; File:.0
[CALL STACK][1]: Method:WXTextureTools.Application.AppCmdExec.WXSlimFirstBundleExec.todo; File:.0
[CALL STACK][2]: Method:WXTextureTools.Application.App.process; File:.0
</stackFrames>
</wxlog>
<wxlog>
  <threadId>#main</threadId>
  <timestamp>13:14:56:4354</timestamp>
  <msgtype>MsgMixture</msgtype>
  <content>string|string|bool
AssetBundleText slim - pngName,UI_Guize_001.c65b9357,false</content>
  <stackFrames>
[CALL STACK][0]: Method:WXTextureTools.Application.FirstBundle.FirstBundleHandler.slim; File:.0
[CALL STACK][1]: Method:WXTextureTools.Application.AppCmdExec.WXSlimFirstBundleExec.todo; File:.0
[CALL STACK][2]: Method:WXTextureTools.Application.App.process; File:.0
</stackFrames>
</wxlog>
<wxlog>
  <threadId>#main</threadId>
  <timestamp>13:14:56:4394</timestamp>
  <msgtype>MsgMixture</msgtype>
  <content>string|string|bool
AssetBundleText slim - pngName,CHW_4004_02.f0a4d42b,false</content>
  <stackFrames>
[CALL STACK][0]: Method:WXTextureTools.Application.FirstBundle.FirstBundleHandler.slim; File:.0
[CALL STACK][1]: Method:WXTextureTools.Application.AppCmdExec.WXSlimFirstBundleExec.todo; File:.0
[CALL STACK][2]: Method:WXTextureTools.Application.App.process; File:.0
</stackFrames>
</wxlog>
<wxlog>
  <threadId>#main</threadId>
  <timestamp>13:14:56:4465</timestamp>
  <msgtype>MsgMixture</msgtype>
  <content>string|string|bool
AssetBundleText slim - pngName,Zhuozi_LV5.10143134,false</content>
  <stackFrames>
[CALL STACK][0]: Method:WXTextureTools.Application.FirstBundle.FirstBundleHandler.slim; File:.0
[CALL STACK][1]: Method:WXTextureTools.Application.AppCmdExec.WXSlimFirstBundleExec.todo; File:.0
[CALL STACK][2]: Method:WXTextureTools.Application.App.process; File:.0
</stackFrames>
</wxlog>
<wxlog>
  <threadId>#main</threadId>
  <timestamp>13:14:56:4510</timestamp>
  <msgtype>MsgMixture</msgtype>
  <content>string|string|bool
AssetBundleText slim - pngName,CHW_4001_01.e56ad229,false</content>
  <stackFrames>
[CALL STACK][0]: Method:WXTextureTools.Application.FirstBundle.FirstBundleHandler.slim; File:.0
[CALL STACK][1]: Method:WXTextureTools.Application.AppCmdExec.WXSlimFirstBundleExec.todo; File:.0
[CALL STACK][2]: Method:WXTextureTools.Application.App.process; File:.0
</stackFrames>
</wxlog>
<wxlog>
  <threadId>#main</threadId>
  <timestamp>13:14:56:4658</timestamp>
  <msgtype>MsgMixture</msgtype>
  <content>string|string|bool
AssetBundleText slim - pngName,UI_Touxiangkuang_004.5de79be2,false</content>
  <stackFrames>
[CALL STACK][0]: Method:WXTextureTools.Application.FirstBundle.FirstBundleHandler.slim; File:.0
[CALL STACK][1]: Method:WXTextureTools.Application.AppCmdExec.WXSlimFirstBundleExec.todo; File:.0
[CALL STACK][2]: Method:WXTextureTools.Application.App.process; File:.0
</stackFrames>
</wxlog>
<wxlog>
  <threadId>#main</threadId>
  <timestamp>13:14:56:4733</timestamp>
  <msgtype>MsgMixture</msgtype>
  <content>string|string|bool
AssetBundleText slim - pngName,UI_Xiaochukacao_001.8dd14740,false</content>
  <stackFrames>
[CALL STACK][0]: Method:WXTextureTools.Application.FirstBundle.FirstBundleHandler.slim; File:.0
[CALL STACK][1]: Method:WXTextureTools.Application.AppCmdExec.WXSlimFirstBundleExec.todo; File:.0
[CALL STACK][2]: Method:WXTextureTools.Application.App.process; File:.0
</stackFrames>
</wxlog>
<wxlog>
  <threadId>#main</threadId>
  <timestamp>13:14:56:4763</timestamp>
  <msgtype>MsgMixture</msgtype>
  <content>string|string|bool
AssetBundleText slim - pngName,1.9c5a087c,false</content>
  <stackFrames>
[CALL STACK][0]: Method:WXTextureTools.Application.FirstBundle.FirstBundleHandler.slim; File:.0
[CALL STACK][1]: Method:WXTextureTools.Application.AppCmdExec.WXSlimFirstBundleExec.todo; File:.0
[CALL STACK][2]: Method:WXTextureTools.Application.App.process; File:.0
</stackFrames>
</wxlog>
<wxlog>
  <threadId>#main</threadId>
  <timestamp>13:14:56:4799</timestamp>
  <msgtype>MsgMixture</msgtype>
  <content>string|string|bool
AssetBundleText slim - pngName,CHW_2005_02.14a30a2e,false</content>
  <stackFrames>
[CALL STACK][0]: Method:WXTextureTools.Application.FirstBundle.FirstBundleHandler.slim; File:.0
[CALL STACK][1]: Method:WXTextureTools.Application.AppCmdExec.WXSlimFirstBundleExec.todo; File:.0
[CALL STACK][2]: Method:WXTextureTools.Application.App.process; File:.0
</stackFrames>
</wxlog>
<wxlog>
  <threadId>#main</threadId>
  <timestamp>13:14:56:4834</timestamp>
  <msgtype>MsgMixture</msgtype>
  <content>string|string|bool
AssetBundleText slim - pngName,CHW_3005_02.c66fd914,false</content>
  <stackFrames>
[CALL STACK][0]: Method:WXTextureTools.Application.FirstBundle.FirstBundleHandler.slim; File:.0
[CALL STACK][1]: Method:WXTextureTools.Application.AppCmdExec.WXSlimFirstBundleExec.todo; File:.0
[CALL STACK][2]: Method:WXTextureTools.Application.App.process; File:.0
</stackFrames>
</wxlog>
<wxlog>
  <threadId>#main</threadId>
  <timestamp>13:14:56:4880</timestamp>
  <msgtype>MsgMixture</msgtype>
  <content>string|string|bool
AssetBundleText slim - pngName,UI_Egg_Rare.46a1e397,false</content>
  <stackFrames>
[CALL STACK][0]: Method:WXTextureTools.Application.FirstBundle.FirstBundleHandler.slim; File:.0
[CALL STACK][1]: Method:WXTextureTools.Application.AppCmdExec.WXSlimFirstBundleExec.todo; File:.0
[CALL STACK][2]: Method:WXTextureTools.Application.App.process; File:.0
</stackFrames>
</wxlog>
<wxlog>
  <threadId>#main</threadId>
  <timestamp>13:14:56:4920</timestamp>
  <msgtype>MsgMixture</msgtype>
  <content>string|string|bool
AssetBundleText slim - pngName,7.7e3ceba2,false</content>
  <stackFrames>
[CALL STACK][0]: Method:WXTextureTools.Application.FirstBundle.FirstBundleHandler.slim; File:.0
[CALL STACK][1]: Method:WXTextureTools.Application.AppCmdExec.WXSlimFirstBundleExec.todo; File:.0
[CALL STACK][2]: Method:WXTextureTools.Application.App.process; File:.0
</stackFrames>
</wxlog>
<wxlog>
  <threadId>#main</threadId>
  <timestamp>13:14:56:4965</timestamp>
  <msgtype>MsgMixture</msgtype>
  <content>string|string|bool
AssetBundleText slim - pngName,UI_Touxiangkuang_102.bbfbf3f4,false</content>
  <stackFrames>
[CALL STACK][0]: Method:WXTextureTools.Application.FirstBundle.FirstBundleHandler.slim; File:.0
[CALL STACK][1]: Method:WXTextureTools.Application.AppCmdExec.WXSlimFirstBundleExec.todo; File:.0
[CALL STACK][2]: Method:WXTextureTools.Application.App.process; File:.0
</stackFrames>
</wxlog>
<wxlog>
  <threadId>#main</threadId>
  <timestamp>13:14:56:5000</timestamp>
  <msgtype>MsgMixture</msgtype>
  <content>string|string|bool
AssetBundleText slim - pngName,UI_Shuiguotujian_005.8d4357f5,false</content>
  <stackFrames>
[CALL STACK][0]: Method:WXTextureTools.Application.FirstBundle.FirstBundleHandler.slim; File:.0
[CALL STACK][1]: Method:WXTextureTools.Application.AppCmdExec.WXSlimFirstBundleExec.todo; File:.0
[CALL STACK][2]: Method:WXTextureTools.Application.App.process; File:.0
</stackFrames>
</wxlog>
<wxlog>
  <threadId>#main</threadId>
  <timestamp>13:14:56:5020</timestamp>
  <msgtype>MsgMixture</msgtype>
  <content>string|string|bool
AssetBundleText slim - pngName,适龄12+.4fbb8ce0,false</content>
  <stackFrames>
[CALL STACK][0]: Method:WXTextureTools.Application.FirstBundle.FirstBundleHandler.slim; File:.0
[CALL STACK][1]: Method:WXTextureTools.Application.AppCmdExec.WXSlimFirstBundleExec.todo; File:.0
[CALL STACK][2]: Method:WXTextureTools.Application.App.process; File:.0
</stackFrames>
</wxlog>
<wxlog>
  <threadId>#main</threadId>
  <timestamp>13:14:56:5030</timestamp>
  <msgtype>MsgMixture</msgtype>
  <content>string|string|bool
AssetBundleText slim - pngName,UI_Jingyan_001.ccce258f,false</content>
  <stackFrames>
[CALL STACK][0]: Method:WXTextureTools.Application.FirstBundle.FirstBundleHandler.slim; File:.0
[CALL STACK][1]: Method:WXTextureTools.Application.AppCmdExec.WXSlimFirstBundleExec.todo; File:.0
[CALL STACK][2]: Method:WXTextureTools.Application.App.process; File:.0
</stackFrames>
</wxlog>
<wxlog>
  <threadId>#main</threadId>
  <timestamp>13:14:56:5050</timestamp>
  <msgtype>MsgMixture</msgtype>
  <content>string|string|bool
AssetBundleText slim - pngName,CHW_1002_01.1a60c666,false</content>
  <stackFrames>
[CALL STACK][0]: Method:WXTextureTools.Application.FirstBundle.FirstBundleHandler.slim; File:.0
[CALL STACK][1]: Method:WXTextureTools.Application.AppCmdExec.WXSlimFirstBundleExec.todo; File:.0
[CALL STACK][2]: Method:WXTextureTools.Application.App.process; File:.0
</stackFrames>
</wxlog>
<wxlog>
  <threadId>#main</threadId>
  <timestamp>13:14:56:5075</timestamp>
  <msgtype>MsgMixture</msgtype>
  <content>string|string|bool
AssetBundleText slim - pngName,CHW_3006_01.8c306764,false</content>
  <stackFrames>
[CALL STACK][0]: Method:WXTextureTools.Application.FirstBundle.FirstBundleHandler.slim; File:.0
[CALL STACK][1]: Method:WXTextureTools.Application.AppCmdExec.WXSlimFirstBundleExec.todo; File:.0
[CALL STACK][2]: Method:WXTextureTools.Application.App.process; File:.0
</stackFrames>
</wxlog>
<wxlog>
  <threadId>#main</threadId>
  <timestamp>13:14:56:5095</timestamp>
  <msgtype>MsgMixture</msgtype>
  <content>string|string|bool
AssetBundleText slim - pngName,UI_Shuiguotujian_007.a15b2f3e,false</content>
  <stackFrames>
[CALL STACK][0]: Method:WXTextureTools.Application.FirstBundle.FirstBundleHandler.slim; File:.0
[CALL STACK][1]: Method:WXTextureTools.Application.AppCmdExec.WXSlimFirstBundleExec.todo; File:.0
[CALL STACK][2]: Method:WXTextureTools.Application.App.process; File:.0
</stackFrames>
</wxlog>
<wxlog>
  <threadId>#main</threadId>
  <timestamp>13:14:56:5130</timestamp>
  <msgtype>MsgMixture</msgtype>
  <content>string|string|bool
AssetBundleText slim - pngName,CHW_3001_01.08878bfe,false</content>
  <stackFrames>
[CALL STACK][0]: Method:WXTextureTools.Application.FirstBundle.FirstBundleHandler.slim; File:.0
[CALL STACK][1]: Method:WXTextureTools.Application.AppCmdExec.WXSlimFirstBundleExec.todo; File:.0
[CALL STACK][2]: Method:WXTextureTools.Application.App.process; File:.0
</stackFrames>
</wxlog>
<wxlog>
  <threadId>#main</threadId>
  <timestamp>13:14:56:5166</timestamp>
  <msgtype>MsgMixture</msgtype>
  <content>string|string|bool
AssetBundleText slim - pngName,CHW_2004_01.7ac4c8fe,false</content>
  <stackFrames>
[CALL STACK][0]: Method:WXTextureTools.Application.FirstBundle.FirstBundleHandler.slim; File:.0
[CALL STACK][1]: Method:WXTextureTools.Application.AppCmdExec.WXSlimFirstBundleExec.todo; File:.0
[CALL STACK][2]: Method:WXTextureTools.Application.App.process; File:.0
</stackFrames>
</wxlog>
<wxlog>
  <threadId>#main</threadId>
  <timestamp>13:14:56:5211</timestamp>
  <msgtype>MsgMixture</msgtype>
  <content>string|string|bool
AssetBundleText slim - pngName,Fuhua_LV3.50754a29,false</content>
  <stackFrames>
[CALL STACK][0]: Method:WXTextureTools.Application.FirstBundle.FirstBundleHandler.slim; File:.0
[CALL STACK][1]: Method:WXTextureTools.Application.AppCmdExec.WXSlimFirstBundleExec.todo; File:.0
[CALL STACK][2]: Method:WXTextureTools.Application.App.process; File:.0
</stackFrames>
</wxlog>
<wxlog>
  <threadId>#main</threadId>
  <timestamp>13:14:56:5226</timestamp>
  <msgtype>MsgMixture</msgtype>
  <content>string|string|bool
AssetBundleText slim - pngName,CHW_1003_02.2d2ad17b,false</content>
  <stackFrames>
[CALL STACK][0]: Method:WXTextureTools.Application.FirstBundle.FirstBundleHandler.slim; File:.0
[CALL STACK][1]: Method:WXTextureTools.Application.AppCmdExec.WXSlimFirstBundleExec.todo; File:.0
[CALL STACK][2]: Method:WXTextureTools.Application.App.process; File:.0
</stackFrames>
</wxlog>
<wxlog>
  <threadId>#main</threadId>
  <timestamp>13:14:56:5246</timestamp>
  <msgtype>MsgMixture</msgtype>
  <content>string|string|bool
AssetBundleText slim - pngName,UI_Di_005.bca72965,false</content>
  <stackFrames>
[CALL STACK][0]: Method:WXTextureTools.Application.FirstBundle.FirstBundleHandler.slim; File:.0
[CALL STACK][1]: Method:WXTextureTools.Application.AppCmdExec.WXSlimFirstBundleExec.todo; File:.0
[CALL STACK][2]: Method:WXTextureTools.Application.App.process; File:.0
</stackFrames>
</wxlog>
<wxlog>
  <threadId>#main</threadId>
  <timestamp>13:14:56:5271</timestamp>
  <msgtype>MsgMixture</msgtype>
  <content>string|string|bool
AssetBundleText slim - pngName,CHW_3005_01.fb4c9bb4,false</content>
  <stackFrames>
[CALL STACK][0]: Method:WXTextureTools.Application.FirstBundle.FirstBundleHandler.slim; File:.0
[CALL STACK][1]: Method:WXTextureTools.Application.AppCmdExec.WXSlimFirstBundleExec.todo; File:.0
[CALL STACK][2]: Method:WXTextureTools.Application.App.process; File:.0
</stackFrames>
</wxlog>
<wxlog>
  <threadId>#main</threadId>
  <timestamp>13:14:56:5308</timestamp>
  <msgtype>MsgMixture</msgtype>
  <content>string|string|bool
AssetBundleText slim - pngName,CHW_3006_02.f049902a,false</content>
  <stackFrames>
[CALL STACK][0]: Method:WXTextureTools.Application.FirstBundle.FirstBundleHandler.slim; File:.0
[CALL STACK][1]: Method:WXTextureTools.Application.AppCmdExec.WXSlimFirstBundleExec.todo; File:.0
[CALL STACK][2]: Method:WXTextureTools.Application.App.process; File:.0
</stackFrames>
</wxlog>
<wxlog>
  <threadId>#main</threadId>
  <timestamp>13:14:56:5362</timestamp>
  <msgtype>MsgMixture</msgtype>
  <content>string|string|bool
AssetBundleText slim - pngName,闯关失败.7437d3d9,false</content>
  <stackFrames>
[CALL STACK][0]: Method:WXTextureTools.Application.FirstBundle.FirstBundleHandler.slim; File:.0
[CALL STACK][1]: Method:WXTextureTools.Application.AppCmdExec.WXSlimFirstBundleExec.todo; File:.0
[CALL STACK][2]: Method:WXTextureTools.Application.App.process; File:.0
</stackFrames>
</wxlog>
<wxlog>
  <threadId>#main</threadId>
  <timestamp>13:14:56:5387</timestamp>
  <msgtype>MsgMixture</msgtype>
  <content>string|string|bool
AssetBundleText slim - pngName,2.4bbae0d3,false</content>
  <stackFrames>
[CALL STACK][0]: Method:WXTextureTools.Application.FirstBundle.FirstBundleHandler.slim; File:.0
[CALL STACK][1]: Method:WXTextureTools.Application.AppCmdExec.WXSlimFirstBundleExec.todo; File:.0
[CALL STACK][2]: Method:WXTextureTools.Application.App.process; File:.0
</stackFrames>
</wxlog>
<wxlog>
  <threadId>#main</threadId>
  <timestamp>13:14:56:5412</timestamp>
  <msgtype>MsgMixture</msgtype>
  <content>string|string|bool
AssetBundleText slim - pngName,UI_Touxiangkuang_003.9fe8a5f5,false</content>
  <stackFrames>
[CALL STACK][0]: Method:WXTextureTools.Application.FirstBundle.FirstBundleHandler.slim; File:.0
[CALL STACK][1]: Method:WXTextureTools.Application.AppCmdExec.WXSlimFirstBundleExec.todo; File:.0
[CALL STACK][2]: Method:WXTextureTools.Application.App.process; File:.0
</stackFrames>
</wxlog>
<wxlog>
  <threadId>#main</threadId>
  <timestamp>13:14:56:5412</timestamp>
  <msgtype>MsgMixture</msgtype>
  <content>string|string|bool
AssetBundleText slim - pngName,1.096446a3,false</content>
  <stackFrames>
[CALL STACK][0]: Method:WXTextureTools.Application.FirstBundle.FirstBundleHandler.slim; File:.0
[CALL STACK][1]: Method:WXTextureTools.Application.AppCmdExec.WXSlimFirstBundleExec.todo; File:.0
[CALL STACK][2]: Method:WXTextureTools.Application.App.process; File:.0
</stackFrames>
</wxlog>
<wxlog>
  <threadId>#main</threadId>
  <timestamp>13:14:56:5452</timestamp>
  <msgtype>MsgMixture</msgtype>
  <content>string|string|bool
AssetBundleText slim - pngName,CHW_2003_02.9b91a9ee,false</content>
  <stackFrames>
[CALL STACK][0]: Method:WXTextureTools.Application.FirstBundle.FirstBundleHandler.slim; File:.0
[CALL STACK][1]: Method:WXTextureTools.Application.AppCmdExec.WXSlimFirstBundleExec.todo; File:.0
[CALL STACK][2]: Method:WXTextureTools.Application.App.process; File:.0
</stackFrames>
</wxlog>
<wxlog>
  <threadId>#main</threadId>
  <timestamp>13:14:56:5478</timestamp>
  <msgtype>MsgMixture</msgtype>
  <content>string|string|bool
AssetBundleText slim - pngName,4.ce580e6d,false</content>
  <stackFrames>
[CALL STACK][0]: Method:WXTextureTools.Application.FirstBundle.FirstBundleHandler.slim; File:.0
[CALL STACK][1]: Method:WXTextureTools.Application.AppCmdExec.WXSlimFirstBundleExec.todo; File:.0
[CALL STACK][2]: Method:WXTextureTools.Application.App.process; File:.0
</stackFrames>
</wxlog>
<wxlog>
  <threadId>#main</threadId>
  <timestamp>13:14:56:5508</timestamp>
  <msgtype>MsgMixture</msgtype>
  <content>string|string|bool
AssetBundleText slim - pngName,UI_Cguan_004.85e63809,false</content>
  <stackFrames>
[CALL STACK][0]: Method:WXTextureTools.Application.FirstBundle.FirstBundleHandler.slim; File:.0
[CALL STACK][1]: Method:WXTextureTools.Application.AppCmdExec.WXSlimFirstBundleExec.todo; File:.0
[CALL STACK][2]: Method:WXTextureTools.Application.App.process; File:.0
</stackFrames>
</wxlog>
<wxlog>
  <threadId>#main</threadId>
  <timestamp>13:14:56:5528</timestamp>
  <msgtype>MsgMixture</msgtype>
  <content>string|string|bool
AssetBundleText slim - pngName,CHW_5003_02.effaf29c,false</content>
  <stackFrames>
[CALL STACK][0]: Method:WXTextureTools.Application.FirstBundle.FirstBundleHandler.slim; File:.0
[CALL STACK][1]: Method:WXTextureTools.Application.AppCmdExec.WXSlimFirstBundleExec.todo; File:.0
[CALL STACK][2]: Method:WXTextureTools.Application.App.process; File:.0
</stackFrames>
</wxlog>
<wxlog>
  <threadId>#main</threadId>
  <timestamp>13:14:56:5934</timestamp>
  <msgtype>MsgMixture</msgtype>
  <content>string|string|bool
AssetBundleText slim - pngName,CHWTJ_001.d2c83dd8,false</content>
  <stackFrames>
[CALL STACK][0]: Method:WXTextureTools.Application.FirstBundle.FirstBundleHandler.slim; File:.0
[CALL STACK][1]: Method:WXTextureTools.Application.AppCmdExec.WXSlimFirstBundleExec.todo; File:.0
[CALL STACK][2]: Method:WXTextureTools.Application.App.process; File:.0
</stackFrames>
</wxlog>
<wxlog>
  <threadId>#main</threadId>
  <timestamp>13:14:56:5959</timestamp>
  <msgtype>MsgMixture</msgtype>
  <content>string|string|bool
AssetBundleText slim - pngName,CHW_2001_01.49335af1,false</content>
  <stackFrames>
[CALL STACK][0]: Method:WXTextureTools.Application.FirstBundle.FirstBundleHandler.slim; File:.0
[CALL STACK][1]: Method:WXTextureTools.Application.AppCmdExec.WXSlimFirstBundleExec.todo; File:.0
[CALL STACK][2]: Method:WXTextureTools.Application.App.process; File:.0
</stackFrames>
</wxlog>
<wxlog>
  <threadId>#main</threadId>
  <timestamp>13:14:56:5989</timestamp>
  <msgtype>MsgMixture</msgtype>
  <content>string|string|bool
AssetBundleText slim - pngName,CHW_5001_02.94d00229,false</content>
  <stackFrames>
[CALL STACK][0]: Method:WXTextureTools.Application.FirstBundle.FirstBundleHandler.slim; File:.0
[CALL STACK][1]: Method:WXTextureTools.Application.AppCmdExec.WXSlimFirstBundleExec.todo; File:.0
[CALL STACK][2]: Method:WXTextureTools.Application.App.process; File:.0
</stackFrames>
</wxlog>
<wxlog>
  <threadId>#main</threadId>
  <timestamp>13:14:56:5995</timestamp>
  <msgtype>MsgMixture</msgtype>
  <content>string|string|bool
AssetBundleText slim - pngName,UI_Shouwei_009.2e3325e8,false</content>
  <stackFrames>
[CALL STACK][0]: Method:WXTextureTools.Application.FirstBundle.FirstBundleHandler.slim; File:.0
[CALL STACK][1]: Method:WXTextureTools.Application.AppCmdExec.WXSlimFirstBundleExec.todo; File:.0
[CALL STACK][2]: Method:WXTextureTools.Application.App.process; File:.0
</stackFrames>
</wxlog>
<wxlog>
  <threadId>#main</threadId>
  <timestamp>13:14:56:6034</timestamp>
  <msgtype>MsgMixture</msgtype>
  <content>string|string|bool
AssetBundleText slim - pngName,4.ea6d0b49,false</content>
  <stackFrames>
[CALL STACK][0]: Method:WXTextureTools.Application.FirstBundle.FirstBundleHandler.slim; File:.0
[CALL STACK][1]: Method:WXTextureTools.Application.AppCmdExec.WXSlimFirstBundleExec.todo; File:.0
[CALL STACK][2]: Method:WXTextureTools.Application.App.process; File:.0
</stackFrames>
</wxlog>
<wxlog>
  <threadId>#main</threadId>
  <timestamp>13:14:56:6060</timestamp>
  <msgtype>MsgMixture</msgtype>
  <content>string|string|bool
AssetBundleText slim - pngName,CHW_2006_02.36007c9c,false</content>
  <stackFrames>
[CALL STACK][0]: Method:WXTextureTools.Application.FirstBundle.FirstBundleHandler.slim; File:.0
[CALL STACK][1]: Method:WXTextureTools.Application.AppCmdExec.WXSlimFirstBundleExec.todo; File:.0
[CALL STACK][2]: Method:WXTextureTools.Application.App.process; File:.0
</stackFrames>
</wxlog>
<wxlog>
  <threadId>#main</threadId>
  <timestamp>13:14:56:6080</timestamp>
  <msgtype>MsgMixture</msgtype>
  <content>string|string|bool
AssetBundleText slim - pngName,UI_Xiaochudaoju_002.0f5d8994,false</content>
  <stackFrames>
[CALL STACK][0]: Method:WXTextureTools.Application.FirstBundle.FirstBundleHandler.slim; File:.0
[CALL STACK][1]: Method:WXTextureTools.Application.AppCmdExec.WXSlimFirstBundleExec.todo; File:.0
[CALL STACK][2]: Method:WXTextureTools.Application.App.process; File:.0
</stackFrames>
</wxlog>
<wxlog>
  <threadId>#main</threadId>
  <timestamp>13:14:56:6100</timestamp>
  <msgtype>MsgMixture</msgtype>
  <content>string|string|bool
AssetBundleText slim - pngName,CHWTJ_004.eb7987dd,false</content>
  <stackFrames>
[CALL STACK][0]: Method:WXTextureTools.Application.FirstBundle.FirstBundleHandler.slim; File:.0
[CALL STACK][1]: Method:WXTextureTools.Application.AppCmdExec.WXSlimFirstBundleExec.todo; File:.0
[CALL STACK][2]: Method:WXTextureTools.Application.App.process; File:.0
</stackFrames>
</wxlog>
<wxlog>
  <threadId>#main</threadId>
  <timestamp>13:14:56:6130</timestamp>
  <msgtype>MsgMixture</msgtype>
  <content>string|string|bool
AssetBundleText slim - pngName,UI_Geren_005.219e7cc9,false</content>
  <stackFrames>
[CALL STACK][0]: Method:WXTextureTools.Application.FirstBundle.FirstBundleHandler.slim; File:.0
[CALL STACK][1]: Method:WXTextureTools.Application.AppCmdExec.WXSlimFirstBundleExec.todo; File:.0
[CALL STACK][2]: Method:WXTextureTools.Application.App.process; File:.0
</stackFrames>
</wxlog>
<wxlog>
  <threadId>#main</threadId>
  <timestamp>13:14:56:6140</timestamp>
  <msgtype>MsgMixture</msgtype>
  <content>string|string|bool
AssetBundleText slim - pngName,3.247f15af,false</content>
  <stackFrames>
[CALL STACK][0]: Method:WXTextureTools.Application.FirstBundle.FirstBundleHandler.slim; File:.0
[CALL STACK][1]: Method:WXTextureTools.Application.AppCmdExec.WXSlimFirstBundleExec.todo; File:.0
[CALL STACK][2]: Method:WXTextureTools.Application.App.process; File:.0
</stackFrames>
</wxlog>
<wxlog>
  <threadId>#main</threadId>
  <timestamp>13:14:56:6171</timestamp>
  <msgtype>MsgMixture</msgtype>
  <content>string|string|bool
AssetBundleText slim - pngName,CHW_1004_01.27b6741e,false</content>
  <stackFrames>
[CALL STACK][0]: Method:WXTextureTools.Application.FirstBundle.FirstBundleHandler.slim; File:.0
[CALL STACK][1]: Method:WXTextureTools.Application.AppCmdExec.WXSlimFirstBundleExec.todo; File:.0
[CALL STACK][2]: Method:WXTextureTools.Application.App.process; File:.0
</stackFrames>
</wxlog>
<wxlog>
  <threadId>#main</threadId>
  <timestamp>13:14:56:6377</timestamp>
  <msgtype>MsgMixture</msgtype>
  <content>string|string|bool
AssetBundleText slim - pngName,UI_Geren_004.11a9b095,false</content>
  <stackFrames>
[CALL STACK][0]: Method:WXTextureTools.Application.FirstBundle.FirstBundleHandler.slim; File:.0
[CALL STACK][1]: Method:WXTextureTools.Application.AppCmdExec.WXSlimFirstBundleExec.todo; File:.0
[CALL STACK][2]: Method:WXTextureTools.Application.App.process; File:.0
</stackFrames>
</wxlog>
<wxlog>
  <threadId>#main</threadId>
  <timestamp>13:14:56:6377</timestamp>
  <msgtype>MsgMixture</msgtype>
  <content>string|string|bool
AssetBundleText slim - pngName,UI_Geren_009.338c1bf6,false</content>
  <stackFrames>
[CALL STACK][0]: Method:WXTextureTools.Application.FirstBundle.FirstBundleHandler.slim; File:.0
[CALL STACK][1]: Method:WXTextureTools.Application.AppCmdExec.WXSlimFirstBundleExec.todo; File:.0
[CALL STACK][2]: Method:WXTextureTools.Application.App.process; File:.0
</stackFrames>
</wxlog>
<wxlog>
  <threadId>#main</threadId>
  <timestamp>13:14:56:6377</timestamp>
  <msgtype>MsgMixture</msgtype>
  <content>string|string|bool
AssetBundleText slim - pngName,UI_Dengji_001.32a8f599,false</content>
  <stackFrames>
[CALL STACK][0]: Method:WXTextureTools.Application.FirstBundle.FirstBundleHandler.slim; File:.0
[CALL STACK][1]: Method:WXTextureTools.Application.AppCmdExec.WXSlimFirstBundleExec.todo; File:.0
[CALL STACK][2]: Method:WXTextureTools.Application.App.process; File:.0
</stackFrames>
</wxlog>
<wxlog>
  <threadId>#main</threadId>
  <timestamp>13:14:56:6401</timestamp>
  <msgtype>MsgMixture</msgtype>
  <content>string|string|bool
AssetBundleText slim - pngName,UI_Goumaitishi_006.554ace74,false</content>
  <stackFrames>
[CALL STACK][0]: Method:WXTextureTools.Application.FirstBundle.FirstBundleHandler.slim; File:.0
[CALL STACK][1]: Method:WXTextureTools.Application.AppCmdExec.WXSlimFirstBundleExec.todo; File:.0
[CALL STACK][2]: Method:WXTextureTools.Application.App.process; File:.0
</stackFrames>
</wxlog>
<wxlog>
  <threadId>#main</threadId>
  <timestamp>13:14:56:7031</timestamp>
  <msgtype>MsgMixture</msgtype>
  <content>string|string|bool
AssetBundleText slim - pngName,UI_CD_001.21cea95a,false</content>
  <stackFrames>
[CALL STACK][0]: Method:WXTextureTools.Application.FirstBundle.FirstBundleHandler.slim; File:.0
[CALL STACK][1]: Method:WXTextureTools.Application.AppCmdExec.WXSlimFirstBundleExec.todo; File:.0
[CALL STACK][2]: Method:WXTextureTools.Application.App.process; File:.0
</stackFrames>
</wxlog>
<wxlog>
  <threadId>#main</threadId>
  <timestamp>13:14:56:7107</timestamp>
  <msgtype>MsgMixture</msgtype>
  <content>string|string|bool
AssetBundleText slim - pngName,UI_Di_001.7e5603ae,false</content>
  <stackFrames>
[CALL STACK][0]: Method:WXTextureTools.Application.FirstBundle.FirstBundleHandler.slim; File:.0
[CALL STACK][1]: Method:WXTextureTools.Application.AppCmdExec.WXSlimFirstBundleExec.todo; File:.0
[CALL STACK][2]: Method:WXTextureTools.Application.App.process; File:.0
</stackFrames>
</wxlog>
<wxlog>
  <threadId>#main</threadId>
  <timestamp>13:14:56:7183</timestamp>
  <msgtype>MsgMixture</msgtype>
  <content>string|string|bool
AssetBundleText slim - pngName,UI_Touxiangkuang_002.9f51b3fd,false</content>
  <stackFrames>
[CALL STACK][0]: Method:WXTextureTools.Application.FirstBundle.FirstBundleHandler.slim; File:.0
[CALL STACK][1]: Method:WXTextureTools.Application.AppCmdExec.WXSlimFirstBundleExec.todo; File:.0
[CALL STACK][2]: Method:WXTextureTools.Application.App.process; File:.0
</stackFrames>
</wxlog>
<wxlog>
  <threadId>#main</threadId>
  <timestamp>13:14:56:7208</timestamp>
  <msgtype>MsgMixture</msgtype>
  <content>string|string|bool
AssetBundleText slim - pngName,UI_CD_004.b965c22b,false</content>
  <stackFrames>
[CALL STACK][0]: Method:WXTextureTools.Application.FirstBundle.FirstBundleHandler.slim; File:.0
[CALL STACK][1]: Method:WXTextureTools.Application.AppCmdExec.WXSlimFirstBundleExec.todo; File:.0
[CALL STACK][2]: Method:WXTextureTools.Application.App.process; File:.0
</stackFrames>
</wxlog>
<wxlog>
  <threadId>#main</threadId>
  <timestamp>13:14:56:7248</timestamp>
  <msgtype>MsgMixture</msgtype>
  <content>string|string|bool
AssetBundleText slim - pngName,CHW_4003_02.8c2b7d0a,false</content>
  <stackFrames>
[CALL STACK][0]: Method:WXTextureTools.Application.FirstBundle.FirstBundleHandler.slim; File:.0
[CALL STACK][1]: Method:WXTextureTools.Application.AppCmdExec.WXSlimFirstBundleExec.todo; File:.0
[CALL STACK][2]: Method:WXTextureTools.Application.App.process; File:.0
</stackFrames>
</wxlog>
<wxlog>
  <threadId>#main</threadId>
  <timestamp>13:14:56:7318</timestamp>
  <msgtype>MsgMixture</msgtype>
  <content>string|string|bool
AssetBundleText slim - pngName,Zhuozi_LV3.c84149c8,false</content>
  <stackFrames>
[CALL STACK][0]: Method:WXTextureTools.Application.FirstBundle.FirstBundleHandler.slim; File:.0
[CALL STACK][1]: Method:WXTextureTools.Application.AppCmdExec.WXSlimFirstBundleExec.todo; File:.0
[CALL STACK][2]: Method:WXTextureTools.Application.App.process; File:.0
</stackFrames>
</wxlog>
<wxlog>
  <threadId>#main</threadId>
  <timestamp>13:14:56:7348</timestamp>
  <msgtype>MsgMixture</msgtype>
  <content>string|string|bool
AssetBundleText slim - pngName,UI_Touxiang_001.76570bb3,false</content>
  <stackFrames>
[CALL STACK][0]: Method:WXTextureTools.Application.FirstBundle.FirstBundleHandler.slim; File:.0
[CALL STACK][1]: Method:WXTextureTools.Application.AppCmdExec.WXSlimFirstBundleExec.todo; File:.0
[CALL STACK][2]: Method:WXTextureTools.Application.App.process; File:.0
</stackFrames>
</wxlog>
<wxlog>
  <threadId>#main</threadId>
  <timestamp>13:14:56:7368</timestamp>
  <msgtype>MsgMixture</msgtype>
  <content>string|string|bool
AssetBundleText slim - pngName,UI_Daojutishi_006.b7e7476f,false</content>
  <stackFrames>
[CALL STACK][0]: Method:WXTextureTools.Application.FirstBundle.FirstBundleHandler.slim; File:.0
[CALL STACK][1]: Method:WXTextureTools.Application.AppCmdExec.WXSlimFirstBundleExec.todo; File:.0
[CALL STACK][2]: Method:WXTextureTools.Application.App.process; File:.0
</stackFrames>
</wxlog>
<wxlog>
  <threadId>#main</threadId>
  <timestamp>13:14:56:7404</timestamp>
  <msgtype>MsgMixture</msgtype>
  <content>string|string|bool
AssetBundleText slim - pngName,UI_Guize_002.1bc7fc20,false</content>
  <stackFrames>
[CALL STACK][0]: Method:WXTextureTools.Application.FirstBundle.FirstBundleHandler.slim; File:.0
[CALL STACK][1]: Method:WXTextureTools.Application.AppCmdExec.WXSlimFirstBundleExec.todo; File:.0
[CALL STACK][2]: Method:WXTextureTools.Application.App.process; File:.0
</stackFrames>
</wxlog>
<wxlog>
  <threadId>#main</threadId>
  <timestamp>13:14:56:7470</timestamp>
  <msgtype>MsgMixture</msgtype>
  <content>string|string|bool
AssetBundleText slim - pngName,0.1c422ab1,false</content>
  <stackFrames>
[CALL STACK][0]: Method:WXTextureTools.Application.FirstBundle.FirstBundleHandler.slim; File:.0
[CALL STACK][1]: Method:WXTextureTools.Application.AppCmdExec.WXSlimFirstBundleExec.todo; File:.0
[CALL STACK][2]: Method:WXTextureTools.Application.App.process; File:.0
</stackFrames>
</wxlog>
<wxlog>
  <threadId>#main</threadId>
  <timestamp>13:14:56:7489</timestamp>
  <msgtype>MsgMixture</msgtype>
  <content>string|string|bool
AssetBundleText slim - pngName,5.490bc0e1,false</content>
  <stackFrames>
[CALL STACK][0]: Method:WXTextureTools.Application.FirstBundle.FirstBundleHandler.slim; File:.0
[CALL STACK][1]: Method:WXTextureTools.Application.AppCmdExec.WXSlimFirstBundleExec.todo; File:.0
[CALL STACK][2]: Method:WXTextureTools.Application.App.process; File:.0
</stackFrames>
</wxlog>
<wxlog>
  <threadId>#main</threadId>
  <timestamp>13:14:56:7524</timestamp>
  <msgtype>MsgMixture</msgtype>
  <content>string|string|bool
AssetBundleText slim - pngName,CHW_4005_02.2ef47d35,false</content>
  <stackFrames>
[CALL STACK][0]: Method:WXTextureTools.Application.FirstBundle.FirstBundleHandler.slim; File:.0
[CALL STACK][1]: Method:WXTextureTools.Application.AppCmdExec.WXSlimFirstBundleExec.todo; File:.0
[CALL STACK][2]: Method:WXTextureTools.Application.App.process; File:.0
</stackFrames>
</wxlog>
<wxlog>
  <threadId>#main</threadId>
  <timestamp>13:14:56:7570</timestamp>
  <msgtype>MsgMixture</msgtype>
  <content>string|string|bool
AssetBundleText slim - pngName,CHW_2003_01.2010a183,false</content>
  <stackFrames>
[CALL STACK][0]: Method:WXTextureTools.Application.FirstBundle.FirstBundleHandler.slim; File:.0
[CALL STACK][1]: Method:WXTextureTools.Application.AppCmdExec.WXSlimFirstBundleExec.todo; File:.0
[CALL STACK][2]: Method:WXTextureTools.Application.App.process; File:.0
</stackFrames>
</wxlog>
<wxlog>
  <threadId>#main</threadId>
  <timestamp>13:14:56:7761</timestamp>
  <msgtype>MsgMixture</msgtype>
  <content>string|string|bool
AssetBundleText slim - pngName,CHW_2006_01.f3f79f63,false</content>
  <stackFrames>
[CALL STACK][0]: Method:WXTextureTools.Application.FirstBundle.FirstBundleHandler.slim; File:.0
[CALL STACK][1]: Method:WXTextureTools.Application.AppCmdExec.WXSlimFirstBundleExec.todo; File:.0
[CALL STACK][2]: Method:WXTextureTools.Application.App.process; File:.0
</stackFrames>
</wxlog>
<wxlog>
  <threadId>#main</threadId>
  <timestamp>13:14:56:7901</timestamp>
  <msgtype>MsgMixture</msgtype>
  <content>string|string|bool
AssetBundleText slim - pngName,UI_Daojutishi_007.12f7702c,false</content>
  <stackFrames>
[CALL STACK][0]: Method:WXTextureTools.Application.FirstBundle.FirstBundleHandler.slim; File:.0
[CALL STACK][1]: Method:WXTextureTools.Application.AppCmdExec.WXSlimFirstBundleExec.todo; File:.0
[CALL STACK][2]: Method:WXTextureTools.Application.App.process; File:.0
</stackFrames>
</wxlog>
<wxlog>
  <threadId>#main</threadId>
  <timestamp>13:14:56:7966</timestamp>
  <msgtype>MsgMixture</msgtype>
  <content>string|string|bool
AssetBundleText slim - pngName,EFF_Xingxing_004.26783876,false</content>
  <stackFrames>
[CALL STACK][0]: Method:WXTextureTools.Application.FirstBundle.FirstBundleHandler.slim; File:.0
[CALL STACK][1]: Method:WXTextureTools.Application.AppCmdExec.WXSlimFirstBundleExec.todo; File:.0
[CALL STACK][2]: Method:WXTextureTools.Application.App.process; File:.0
</stackFrames>
</wxlog>
<wxlog>
  <threadId>#main</threadId>
  <timestamp>13:14:56:8042</timestamp>
  <msgtype>MsgMixture</msgtype>
  <content>string|string|bool
AssetBundleText slim - pngName,6.29aef747,false</content>
  <stackFrames>
[CALL STACK][0]: Method:WXTextureTools.Application.FirstBundle.FirstBundleHandler.slim; File:.0
[CALL STACK][1]: Method:WXTextureTools.Application.AppCmdExec.WXSlimFirstBundleExec.todo; File:.0
[CALL STACK][2]: Method:WXTextureTools.Application.App.process; File:.0
</stackFrames>
</wxlog>
<wxlog>
  <threadId>#main</threadId>
  <timestamp>13:14:56:8296</timestamp>
  <msgtype>MsgMixture</msgtype>
  <content>string|string|bool
AssetBundleText slim - pngName,UI_Cguan_001.30e9749b,false</content>
  <stackFrames>
[CALL STACK][0]: Method:WXTextureTools.Application.FirstBundle.FirstBundleHandler.slim; File:.0
[CALL STACK][1]: Method:WXTextureTools.Application.AppCmdExec.WXSlimFirstBundleExec.todo; File:.0
[CALL STACK][2]: Method:WXTextureTools.Application.App.process; File:.0
</stackFrames>
</wxlog>
<wxlog>
  <threadId>#main</threadId>
  <timestamp>13:14:56:8375</timestamp>
  <msgtype>MsgMixture</msgtype>
  <content>string|string|bool
AssetBundleText slim - pngName,UI_Tishi_004.b509ba85,false</content>
  <stackFrames>
[CALL STACK][0]: Method:WXTextureTools.Application.FirstBundle.FirstBundleHandler.slim; File:.0
[CALL STACK][1]: Method:WXTextureTools.Application.AppCmdExec.WXSlimFirstBundleExec.todo; File:.0
[CALL STACK][2]: Method:WXTextureTools.Application.App.process; File:.0
</stackFrames>
</wxlog>
<wxlog>
  <threadId>#main</threadId>
  <timestamp>13:14:56:8411</timestamp>
  <msgtype>MsgMixture</msgtype>
  <content>string|string|bool
AssetBundleText slim - pngName,CHW_1005_02.bf231801,false</content>
  <stackFrames>
[CALL STACK][0]: Method:WXTextureTools.Application.FirstBundle.FirstBundleHandler.slim; File:.0
[CALL STACK][1]: Method:WXTextureTools.Application.AppCmdExec.WXSlimFirstBundleExec.todo; File:.0
[CALL STACK][2]: Method:WXTextureTools.Application.App.process; File:.0
</stackFrames>
</wxlog>
<wxlog>
  <threadId>#main</threadId>
  <timestamp>13:14:56:8507</timestamp>
  <msgtype>MsgMixture</msgtype>
  <content>string|string|bool
AssetBundleText slim - pngName,CHW_2002_01.bfc1d613,false</content>
  <stackFrames>
[CALL STACK][0]: Method:WXTextureTools.Application.FirstBundle.FirstBundleHandler.slim; File:.0
[CALL STACK][1]: Method:WXTextureTools.Application.AppCmdExec.WXSlimFirstBundleExec.todo; File:.0
[CALL STACK][2]: Method:WXTextureTools.Application.App.process; File:.0
</stackFrames>
</wxlog>
<wxlog>
  <threadId>#main</threadId>
  <timestamp>13:14:56:8547</timestamp>
  <msgtype>MsgMixture</msgtype>
  <content>string|string|bool
AssetBundleText slim - pngName,1.29bb4c6c,false</content>
  <stackFrames>
[CALL STACK][0]: Method:WXTextureTools.Application.FirstBundle.FirstBundleHandler.slim; File:.0
[CALL STACK][1]: Method:WXTextureTools.Application.AppCmdExec.WXSlimFirstBundleExec.todo; File:.0
[CALL STACK][2]: Method:WXTextureTools.Application.App.process; File:.0
</stackFrames>
</wxlog>
<wxlog>
  <threadId>#main</threadId>
  <timestamp>13:14:56:9323</timestamp>
  <msgtype>MsgMixture</msgtype>
  <content>string|string|bool
AssetBundleText slim - pngName,UI_Guize_003.6fbac542,false</content>
  <stackFrames>
[CALL STACK][0]: Method:WXTextureTools.Application.FirstBundle.FirstBundleHandler.slim; File:.0
[CALL STACK][1]: Method:WXTextureTools.Application.AppCmdExec.WXSlimFirstBundleExec.todo; File:.0
[CALL STACK][2]: Method:WXTextureTools.Application.App.process; File:.0
</stackFrames>
</wxlog>
<wxlog>
  <threadId>#main</threadId>
  <timestamp>13:14:56:9725</timestamp>
  <msgtype>MsgMixture</msgtype>
  <content>string|string|bool
AssetBundleText slim - pngName,Guoshu_LV1.4130ee2e,false</content>
  <stackFrames>
[CALL STACK][0]: Method:WXTextureTools.Application.FirstBundle.FirstBundleHandler.slim; File:.0
[CALL STACK][1]: Method:WXTextureTools.Application.AppCmdExec.WXSlimFirstBundleExec.todo; File:.0
[CALL STACK][2]: Method:WXTextureTools.Application.App.process; File:.0
</stackFrames>
</wxlog>
<wxlog>
  <threadId>#main</threadId>
  <timestamp>13:14:56:9875</timestamp>
  <msgtype>MsgMixture</msgtype>
  <content>string|string|bool
AssetBundleText slim - pngName,CHWTJ_009.f9cd02e8,false</content>
  <stackFrames>
[CALL STACK][0]: Method:WXTextureTools.Application.FirstBundle.FirstBundleHandler.slim; File:.0
[CALL STACK][1]: Method:WXTextureTools.Application.AppCmdExec.WXSlimFirstBundleExec.todo; File:.0
[CALL STACK][2]: Method:WXTextureTools.Application.App.process; File:.0
</stackFrames>
</wxlog>
<wxlog>
  <threadId>#main</threadId>
  <timestamp>13:14:56:9875</timestamp>
  <msgtype>MsgMixture</msgtype>
  <content>string|string|bool
AssetBundleText slim - pngName,UI_SS_008.ee3920a4,false</content>
  <stackFrames>
[CALL STACK][0]: Method:WXTextureTools.Application.FirstBundle.FirstBundleHandler.slim; File:.0
[CALL STACK][1]: Method:WXTextureTools.Application.AppCmdExec.WXSlimFirstBundleExec.todo; File:.0
[CALL STACK][2]: Method:WXTextureTools.Application.App.process; File:.0
</stackFrames>
</wxlog>
<wxlog>
  <threadId>#main</threadId>
  <timestamp>13:14:56:9885</timestamp>
  <msgtype>MsgMixture</msgtype>
  <content>string|string|bool
AssetBundleText slim - pngName,6.12c02c0e,false</content>
  <stackFrames>
[CALL STACK][0]: Method:WXTextureTools.Application.FirstBundle.FirstBundleHandler.slim; File:.0
[CALL STACK][1]: Method:WXTextureTools.Application.AppCmdExec.WXSlimFirstBundleExec.todo; File:.0
[CALL STACK][2]: Method:WXTextureTools.Application.App.process; File:.0
</stackFrames>
</wxlog>
<wxlog>
  <threadId>#main</threadId>
  <timestamp>13:14:56:9930</timestamp>
  <msgtype>MsgMixture</msgtype>
  <content>string|string|bool
AssetBundleText slim - pngName,UI_Touxiangkuang_103.9fa021d3,false</content>
  <stackFrames>
[CALL STACK][0]: Method:WXTextureTools.Application.FirstBundle.FirstBundleHandler.slim; File:.0
[CALL STACK][1]: Method:WXTextureTools.Application.AppCmdExec.WXSlimFirstBundleExec.todo; File:.0
[CALL STACK][2]: Method:WXTextureTools.Application.App.process; File:.0
</stackFrames>
</wxlog>
<wxlog>
  <threadId>#main</threadId>
  <timestamp>13:14:56:9986</timestamp>
  <msgtype>MsgMixture</msgtype>
  <content>string|string|bool
AssetBundleText slim - pngName,CHW_1002_02.887dec41,false</content>
  <stackFrames>
[CALL STACK][0]: Method:WXTextureTools.Application.FirstBundle.FirstBundleHandler.slim; File:.0
[CALL STACK][1]: Method:WXTextureTools.Application.AppCmdExec.WXSlimFirstBundleExec.todo; File:.0
[CALL STACK][2]: Method:WXTextureTools.Application.App.process; File:.0
</stackFrames>
</wxlog>
<wxlog>
  <threadId>#main</threadId>
  <timestamp>13:14:57:0006</timestamp>
  <msgtype>MsgMixture</msgtype>
  <content>string|string|bool
AssetBundleText slim - pngName,UI_Geren_006.55f1a724,false</content>
  <stackFrames>
[CALL STACK][0]: Method:WXTextureTools.Application.FirstBundle.FirstBundleHandler.slim; File:.0
[CALL STACK][1]: Method:WXTextureTools.Application.AppCmdExec.WXSlimFirstBundleExec.todo; File:.0
[CALL STACK][2]: Method:WXTextureTools.Application.App.process; File:.0
</stackFrames>
</wxlog>
<wxlog>
  <threadId>#main</threadId>
  <timestamp>13:14:57:0041</timestamp>
  <msgtype>MsgMixture</msgtype>
  <content>string|string|bool
AssetBundleText slim - pngName,UI_Touxiangkuang_001.4e66680e,false</content>
  <stackFrames>
[CALL STACK][0]: Method:WXTextureTools.Application.FirstBundle.FirstBundleHandler.slim; File:.0
[CALL STACK][1]: Method:WXTextureTools.Application.AppCmdExec.WXSlimFirstBundleExec.todo; File:.0
[CALL STACK][2]: Method:WXTextureTools.Application.App.process; File:.0
</stackFrames>
</wxlog>
<wxlog>
  <threadId>#main</threadId>
  <timestamp>13:14:57:0081</timestamp>
  <msgtype>MsgMixture</msgtype>
  <content>string|string|bool
AssetBundleText slim - pngName,CHW_1004_02.a9acebe9,false</content>
  <stackFrames>
[CALL STACK][0]: Method:WXTextureTools.Application.FirstBundle.FirstBundleHandler.slim; File:.0
[CALL STACK][1]: Method:WXTextureTools.Application.AppCmdExec.WXSlimFirstBundleExec.todo; File:.0
[CALL STACK][2]: Method:WXTextureTools.Application.App.process; File:.0
</stackFrames>
</wxlog>
<wxlog>
  <threadId>#main</threadId>
  <timestamp>13:14:57:0138</timestamp>
  <msgtype>MsgMixture</msgtype>
  <content>string|string|bool
AssetBundleText slim - pngName,Fuhua_LV1.54793553,false</content>
  <stackFrames>
[CALL STACK][0]: Method:WXTextureTools.Application.FirstBundle.FirstBundleHandler.slim; File:.0
[CALL STACK][1]: Method:WXTextureTools.Application.AppCmdExec.WXSlimFirstBundleExec.todo; File:.0
[CALL STACK][2]: Method:WXTextureTools.Application.App.process; File:.0
</stackFrames>
</wxlog>
<wxlog>
  <threadId>#main</threadId>
  <timestamp>13:14:57:0174</timestamp>
  <msgtype>MsgMixture</msgtype>
  <content>string|string|bool
AssetBundleText slim - pngName,Fuhua_LV0.90535b48,false</content>
  <stackFrames>
[CALL STACK][0]: Method:WXTextureTools.Application.FirstBundle.FirstBundleHandler.slim; File:.0
[CALL STACK][1]: Method:WXTextureTools.Application.AppCmdExec.WXSlimFirstBundleExec.todo; File:.0
[CALL STACK][2]: Method:WXTextureTools.Application.App.process; File:.0
</stackFrames>
</wxlog>
<wxlog>
  <threadId>#main</threadId>
  <timestamp>13:14:57:0204</timestamp>
  <msgtype>MsgMixture</msgtype>
  <content>string|string|bool
AssetBundleText slim - pngName,UI_Touxiangkuang_008.cb377e54,false</content>
  <stackFrames>
[CALL STACK][0]: Method:WXTextureTools.Application.FirstBundle.FirstBundleHandler.slim; File:.0
[CALL STACK][1]: Method:WXTextureTools.Application.AppCmdExec.WXSlimFirstBundleExec.todo; File:.0
[CALL STACK][2]: Method:WXTextureTools.Application.App.process; File:.0
</stackFrames>
</wxlog>
<wxlog>
  <threadId>#main</threadId>
  <timestamp>13:14:57:0240</timestamp>
  <msgtype>MsgMixture</msgtype>
  <content>string|string|bool
AssetBundleText slim - pngName,UI_Xiaochudaoju_003.1536e5f8,false</content>
  <stackFrames>
[CALL STACK][0]: Method:WXTextureTools.Application.FirstBundle.FirstBundleHandler.slim; File:.0
[CALL STACK][1]: Method:WXTextureTools.Application.AppCmdExec.WXSlimFirstBundleExec.todo; File:.0
[CALL STACK][2]: Method:WXTextureTools.Application.App.process; File:.0
</stackFrames>
</wxlog>
<wxlog>
  <threadId>#main</threadId>
  <timestamp>13:14:57:0255</timestamp>
  <msgtype>MsgMixture</msgtype>
  <content>string|string|bool
AssetBundleText slim - pngName,UI_Di_002.f807fe48,false</content>
  <stackFrames>
[CALL STACK][0]: Method:WXTextureTools.Application.FirstBundle.FirstBundleHandler.slim; File:.0
[CALL STACK][1]: Method:WXTextureTools.Application.AppCmdExec.WXSlimFirstBundleExec.todo; File:.0
[CALL STACK][2]: Method:WXTextureTools.Application.App.process; File:.0
</stackFrames>
</wxlog>
<wxlog>
  <threadId>#main</threadId>
  <timestamp>13:14:57:0295</timestamp>
  <msgtype>MsgMixture</msgtype>
  <content>string|string|bool
AssetBundleText slim - pngName,CHW_4004_01.b0cea3b2,false</content>
  <stackFrames>
[CALL STACK][0]: Method:WXTextureTools.Application.FirstBundle.FirstBundleHandler.slim; File:.0
[CALL STACK][1]: Method:WXTextureTools.Application.AppCmdExec.WXSlimFirstBundleExec.todo; File:.0
[CALL STACK][2]: Method:WXTextureTools.Application.App.process; File:.0
</stackFrames>
</wxlog>
<wxlog>
  <threadId>#main</threadId>
  <timestamp>13:14:57:0310</timestamp>
  <msgtype>MsgMixture</msgtype>
  <content>string|string|bool
AssetBundleText slim - pngName,UI_Shuiguotujian_006.b1f66ffe,false</content>
  <stackFrames>
[CALL STACK][0]: Method:WXTextureTools.Application.FirstBundle.FirstBundleHandler.slim; File:.0
[CALL STACK][1]: Method:WXTextureTools.Application.AppCmdExec.WXSlimFirstBundleExec.todo; File:.0
[CALL STACK][2]: Method:WXTextureTools.Application.App.process; File:.0
</stackFrames>
</wxlog>
<wxlog>
  <threadId>#main</threadId>
  <timestamp>13:14:57:0360</timestamp>
  <msgtype>MsgMixture</msgtype>
  <content>string|string|bool
AssetBundleText slim - pngName,Zhuozi_LV4.1a068d64,false</content>
  <stackFrames>
[CALL STACK][0]: Method:WXTextureTools.Application.FirstBundle.FirstBundleHandler.slim; File:.0
[CALL STACK][1]: Method:WXTextureTools.Application.AppCmdExec.WXSlimFirstBundleExec.todo; File:.0
[CALL STACK][2]: Method:WXTextureTools.Application.App.process; File:.0
</stackFrames>
</wxlog>
<wxlog>
  <threadId>#main</threadId>
  <timestamp>13:14:57:0365</timestamp>
  <msgtype>MsgMixture</msgtype>
  <content>string|string|bool
AssetBundleText slim - pngName,8.1efb68c7,false</content>
  <stackFrames>
[CALL STACK][0]: Method:WXTextureTools.Application.FirstBundle.FirstBundleHandler.slim; File:.0
[CALL STACK][1]: Method:WXTextureTools.Application.AppCmdExec.WXSlimFirstBundleExec.todo; File:.0
[CALL STACK][2]: Method:WXTextureTools.Application.App.process; File:.0
</stackFrames>
</wxlog>
<wxlog>
  <threadId>#main</threadId>
  <timestamp>13:14:57:0385</timestamp>
  <msgtype>MsgMixture</msgtype>
  <content>string|string|bool
AssetBundleText slim - pngName,UI_SS_003.a33c3d87,false</content>
  <stackFrames>
[CALL STACK][0]: Method:WXTextureTools.Application.FirstBundle.FirstBundleHandler.slim; File:.0
[CALL STACK][1]: Method:WXTextureTools.Application.AppCmdExec.WXSlimFirstBundleExec.todo; File:.0
[CALL STACK][2]: Method:WXTextureTools.Application.App.process; File:.0
</stackFrames>
</wxlog>
<wxlog>
  <threadId>#main</threadId>
  <timestamp>13:14:57:0415</timestamp>
  <msgtype>MsgMixture</msgtype>
  <content>string|string|bool
AssetBundleText slim - pngName,UI_Touxiangkuang_105.640c1c38,false</content>
  <stackFrames>
[CALL STACK][0]: Method:WXTextureTools.Application.FirstBundle.FirstBundleHandler.slim; File:.0
[CALL STACK][1]: Method:WXTextureTools.Application.AppCmdExec.WXSlimFirstBundleExec.todo; File:.0
[CALL STACK][2]: Method:WXTextureTools.Application.App.process; File:.0
</stackFrames>
</wxlog>
<wxlog>
  <threadId>#main</threadId>
  <timestamp>13:14:57:0435</timestamp>
  <msgtype>MsgMixture</msgtype>
  <content>string|string|bool
AssetBundleText slim - pngName,UI_Touxiangkuang_106.2793eee1,false</content>
  <stackFrames>
[CALL STACK][0]: Method:WXTextureTools.Application.FirstBundle.FirstBundleHandler.slim; File:.0
[CALL STACK][1]: Method:WXTextureTools.Application.AppCmdExec.WXSlimFirstBundleExec.todo; File:.0
[CALL STACK][2]: Method:WXTextureTools.Application.App.process; File:.0
</stackFrames>
</wxlog>
<wxlog>
  <threadId>#main</threadId>
  <timestamp>13:14:57:0465</timestamp>
  <msgtype>MsgMixture</msgtype>
  <content>string|string|bool
AssetBundleText slim - pngName,UI_Touxiang_008.4ada5afc,false</content>
  <stackFrames>
[CALL STACK][0]: Method:WXTextureTools.Application.FirstBundle.FirstBundleHandler.slim; File:.0
[CALL STACK][1]: Method:WXTextureTools.Application.AppCmdExec.WXSlimFirstBundleExec.todo; File:.0
[CALL STACK][2]: Method:WXTextureTools.Application.App.process; File:.0
</stackFrames>
</wxlog>
<wxlog>
  <threadId>#main</threadId>
  <timestamp>13:14:57:0501</timestamp>
  <msgtype>MsgMixture</msgtype>
  <content>string|string|bool
AssetBundleText slim - pngName,UI_Touxiangkuang_005.4ef834ee,false</content>
  <stackFrames>
[CALL STACK][0]: Method:WXTextureTools.Application.FirstBundle.FirstBundleHandler.slim; File:.0
[CALL STACK][1]: Method:WXTextureTools.Application.AppCmdExec.WXSlimFirstBundleExec.todo; File:.0
[CALL STACK][2]: Method:WXTextureTools.Application.App.process; File:.0
</stackFrames>
</wxlog>
<wxlog>
  <threadId>#main</threadId>
  <timestamp>13:14:57:0516</timestamp>
  <msgtype>MsgMixture</msgtype>
  <content>string|string|bool
AssetBundleText slim - pngName,UI_Guize_004.4ff5eb75,false</content>
  <stackFrames>
[CALL STACK][0]: Method:WXTextureTools.Application.FirstBundle.FirstBundleHandler.slim; File:.0
[CALL STACK][1]: Method:WXTextureTools.Application.AppCmdExec.WXSlimFirstBundleExec.todo; File:.0
[CALL STACK][2]: Method:WXTextureTools.Application.App.process; File:.0
</stackFrames>
</wxlog>
<wxlog>
  <threadId>#main</threadId>
  <timestamp>13:14:57:0677</timestamp>
  <msgtype>MsgMixture</msgtype>
  <content>string|string|bool
AssetBundleText slim - pngName,Guoshu_LV2.5f9da63d,false</content>
  <stackFrames>
[CALL STACK][0]: Method:WXTextureTools.Application.FirstBundle.FirstBundleHandler.slim; File:.0
[CALL STACK][1]: Method:WXTextureTools.Application.AppCmdExec.WXSlimFirstBundleExec.todo; File:.0
[CALL STACK][2]: Method:WXTextureTools.Application.App.process; File:.0
</stackFrames>
</wxlog>
<wxlog>
  <threadId>#main</threadId>
  <timestamp>13:14:57:0713</timestamp>
  <msgtype>MsgMixture</msgtype>
  <content>string|string|bool
AssetBundleText slim - pngName,CHW_5005_02.eba93b85,false</content>
  <stackFrames>
[CALL STACK][0]: Method:WXTextureTools.Application.FirstBundle.FirstBundleHandler.slim; File:.0
[CALL STACK][1]: Method:WXTextureTools.Application.AppCmdExec.WXSlimFirstBundleExec.todo; File:.0
[CALL STACK][2]: Method:WXTextureTools.Application.App.process; File:.0
</stackFrames>
</wxlog>
<wxlog>
  <threadId>#main</threadId>
  <timestamp>13:14:57:1018</timestamp>
  <msgtype>MsgMixture</msgtype>
  <content>string|string|bool
AssetBundleText slim - pngName,UI_Geren_002.f7465006,false</content>
  <stackFrames>
[CALL STACK][0]: Method:WXTextureTools.Application.FirstBundle.FirstBundleHandler.slim; File:.0
[CALL STACK][1]: Method:WXTextureTools.Application.AppCmdExec.WXSlimFirstBundleExec.todo; File:.0
[CALL STACK][2]: Method:WXTextureTools.Application.App.process; File:.0
</stackFrames>
</wxlog>
<wxlog>
  <threadId>#main</threadId>
  <timestamp>13:14:57:1053</timestamp>
  <msgtype>MsgMixture</msgtype>
  <content>string|string|bool
AssetBundleText slim - pngName,EFF_Xingxing_003.d908fee6,false</content>
  <stackFrames>
[CALL STACK][0]: Method:WXTextureTools.Application.FirstBundle.FirstBundleHandler.slim; File:.0
[CALL STACK][1]: Method:WXTextureTools.Application.AppCmdExec.WXSlimFirstBundleExec.todo; File:.0
[CALL STACK][2]: Method:WXTextureTools.Application.App.process; File:.0
</stackFrames>
</wxlog>
<wxlog>
  <threadId>#main</threadId>
  <timestamp>13:14:57:1063</timestamp>
  <msgtype>MsgMixture</msgtype>
  <content>string|string|bool
AssetBundleText slim - pngName,UI_Touxiang_004.23096f5b,false</content>
  <stackFrames>
[CALL STACK][0]: Method:WXTextureTools.Application.FirstBundle.FirstBundleHandler.slim; File:.0
[CALL STACK][1]: Method:WXTextureTools.Application.AppCmdExec.WXSlimFirstBundleExec.todo; File:.0
[CALL STACK][2]: Method:WXTextureTools.Application.App.process; File:.0
</stackFrames>
</wxlog>
<wxlog>
  <threadId>#main</threadId>
  <timestamp>13:14:57:1073</timestamp>
  <msgtype>MsgMixture</msgtype>
  <content>string|string|bool
AssetBundleText slim - pngName,UI_SS_002.31e150e0,false</content>
  <stackFrames>
[CALL STACK][0]: Method:WXTextureTools.Application.FirstBundle.FirstBundleHandler.slim; File:.0
[CALL STACK][1]: Method:WXTextureTools.Application.AppCmdExec.WXSlimFirstBundleExec.todo; File:.0
[CALL STACK][2]: Method:WXTextureTools.Application.App.process; File:.0
</stackFrames>
</wxlog>
<wxlog>
  <threadId>#main</threadId>
  <timestamp>13:14:57:1485</timestamp>
  <msgtype>MsgMixture</msgtype>
  <content>string|string|bool
AssetBundleText slim - pngName,UI_Jiazai_001.cf4969f1,false</content>
  <stackFrames>
[CALL STACK][0]: Method:WXTextureTools.Application.FirstBundle.FirstBundleHandler.slim; File:.0
[CALL STACK][1]: Method:WXTextureTools.Application.AppCmdExec.WXSlimFirstBundleExec.todo; File:.0
[CALL STACK][2]: Method:WXTextureTools.Application.App.process; File:.0
</stackFrames>
</wxlog>
<wxlog>
  <threadId>#main</threadId>
  <timestamp>13:14:57:1505</timestamp>
  <msgtype>MsgMixture</msgtype>
  <content>string|string|bool
AssetBundleText slim - pngName,UI_Daojutishi_003.d1ae5a42,false</content>
  <stackFrames>
[CALL STACK][0]: Method:WXTextureTools.Application.FirstBundle.FirstBundleHandler.slim; File:.0
[CALL STACK][1]: Method:WXTextureTools.Application.AppCmdExec.WXSlimFirstBundleExec.todo; File:.0
[CALL STACK][2]: Method:WXTextureTools.Application.App.process; File:.0
</stackFrames>
</wxlog>
<wxlog>
  <threadId>#main</threadId>
  <timestamp>13:14:57:1560</timestamp>
  <msgtype>MsgMixture</msgtype>
  <content>string|string|bool
AssetBundleText slim - pngName,UI_ZDDibuanniu_001.8e30091e,false</content>
  <stackFrames>
[CALL STACK][0]: Method:WXTextureTools.Application.FirstBundle.FirstBundleHandler.slim; File:.0
[CALL STACK][1]: Method:WXTextureTools.Application.AppCmdExec.WXSlimFirstBundleExec.todo; File:.0
[CALL STACK][2]: Method:WXTextureTools.Application.App.process; File:.0
</stackFrames>
</wxlog>
<wxlog>
  <threadId>#main</threadId>
  <timestamp>13:14:57:1596</timestamp>
  <msgtype>MsgMixture</msgtype>
  <content>string|string|bool
AssetBundleText slim - pngName,UI_Egg_Epic.aacfafb6,false</content>
  <stackFrames>
[CALL STACK][0]: Method:WXTextureTools.Application.FirstBundle.FirstBundleHandler.slim; File:.0
[CALL STACK][1]: Method:WXTextureTools.Application.AppCmdExec.WXSlimFirstBundleExec.todo; File:.0
[CALL STACK][2]: Method:WXTextureTools.Application.App.process; File:.0
</stackFrames>
</wxlog>
<wxlog>
  <threadId>#main</threadId>
  <timestamp>13:14:57:1606</timestamp>
  <msgtype>MsgMixture</msgtype>
  <content>string|string|bool
AssetBundleText slim - pngName,7.6d4e14e5,false</content>
  <stackFrames>
[CALL STACK][0]: Method:WXTextureTools.Application.FirstBundle.FirstBundleHandler.slim; File:.0
[CALL STACK][1]: Method:WXTextureTools.Application.AppCmdExec.WXSlimFirstBundleExec.todo; File:.0
[CALL STACK][2]: Method:WXTextureTools.Application.App.process; File:.0
</stackFrames>
</wxlog>
<wxlog>
  <threadId>#main</threadId>
  <timestamp>13:14:57:1661</timestamp>
  <msgtype>MsgMixture</msgtype>
  <content>string|string|bool
AssetBundleText slim - pngName,Fuhua_LV4.31cc5fba,false</content>
  <stackFrames>
[CALL STACK][0]: Method:WXTextureTools.Application.FirstBundle.FirstBundleHandler.slim; File:.0
[CALL STACK][1]: Method:WXTextureTools.Application.AppCmdExec.WXSlimFirstBundleExec.todo; File:.0
[CALL STACK][2]: Method:WXTextureTools.Application.App.process; File:.0
</stackFrames>
</wxlog>
<wxlog>
  <threadId>#main</threadId>
  <timestamp>13:14:57:1671</timestamp>
  <msgtype>MsgMixture</msgtype>
  <content>string|string|bool
AssetBundleText slim - pngName,UI_Zanting_005.34d830ea,false</content>
  <stackFrames>
[CALL STACK][0]: Method:WXTextureTools.Application.FirstBundle.FirstBundleHandler.slim; File:.0
[CALL STACK][1]: Method:WXTextureTools.Application.AppCmdExec.WXSlimFirstBundleExec.todo; File:.0
[CALL STACK][2]: Method:WXTextureTools.Application.App.process; File:.0
</stackFrames>
</wxlog>
<wxlog>
  <threadId>#main</threadId>
  <timestamp>13:14:57:1696</timestamp>
  <msgtype>MsgMixture</msgtype>
  <content>string|string|bool
AssetBundleText slim - pngName,CHW_4003_01.5e49609f,false</content>
  <stackFrames>
[CALL STACK][0]: Method:WXTextureTools.Application.FirstBundle.FirstBundleHandler.slim; File:.0
[CALL STACK][1]: Method:WXTextureTools.Application.AppCmdExec.WXSlimFirstBundleExec.todo; File:.0
[CALL STACK][2]: Method:WXTextureTools.Application.App.process; File:.0
</stackFrames>
</wxlog>
<wxlog>
  <threadId>#main</threadId>
  <timestamp>13:14:57:1727</timestamp>
  <msgtype>MsgMixture</msgtype>
  <content>string|string|bool
AssetBundleText slim - pngName,UI_Touxiangkuang_006.572130a7,false</content>
  <stackFrames>
[CALL STACK][0]: Method:WXTextureTools.Application.FirstBundle.FirstBundleHandler.slim; File:.0
[CALL STACK][1]: Method:WXTextureTools.Application.AppCmdExec.WXSlimFirstBundleExec.todo; File:.0
[CALL STACK][2]: Method:WXTextureTools.Application.App.process; File:.0
</stackFrames>
</wxlog>
<wxlog>
  <threadId>#main</threadId>
  <timestamp>13:14:57:1752</timestamp>
  <msgtype>MsgMixture</msgtype>
  <content>string|string|bool
AssetBundleText slim - pngName,UI_Tishi_005.c053e84c,false</content>
  <stackFrames>
[CALL STACK][0]: Method:WXTextureTools.Application.FirstBundle.FirstBundleHandler.slim; File:.0
[CALL STACK][1]: Method:WXTextureTools.Application.AppCmdExec.WXSlimFirstBundleExec.todo; File:.0
[CALL STACK][2]: Method:WXTextureTools.Application.App.process; File:.0
</stackFrames>
</wxlog>
<wxlog>
  <threadId>#main</threadId>
  <timestamp>13:14:57:1777</timestamp>
  <msgtype>MsgMixture</msgtype>
  <content>string|string|bool
AssetBundleText slim - pngName,CHW_4006_02.84ac2cf3,false</content>
  <stackFrames>
[CALL STACK][0]: Method:WXTextureTools.Application.FirstBundle.FirstBundleHandler.slim; File:.0
[CALL STACK][1]: Method:WXTextureTools.Application.AppCmdExec.WXSlimFirstBundleExec.todo; File:.0
[CALL STACK][2]: Method:WXTextureTools.Application.App.process; File:.0
</stackFrames>
</wxlog>
<wxlog>
  <threadId>#main</threadId>
  <timestamp>13:14:57:1913</timestamp>
  <msgtype>MsgMixture</msgtype>
  <content>string|string|bool
AssetBundleText slim - pngName,EmojiOne.5c604724,false</content>
  <stackFrames>
[CALL STACK][0]: Method:WXTextureTools.Application.FirstBundle.FirstBundleHandler.slim; File:.0
[CALL STACK][1]: Method:WXTextureTools.Application.AppCmdExec.WXSlimFirstBundleExec.todo; File:.0
[CALL STACK][2]: Method:WXTextureTools.Application.App.process; File:.0
</stackFrames>
</wxlog>
<wxlog>
  <threadId>#main</threadId>
  <timestamp>13:14:57:1933</timestamp>
  <msgtype>MsgMixture</msgtype>
  <content>string|string|bool
AssetBundleText slim - pngName,CHW_5002_01.7e1e5b09,false</content>
  <stackFrames>
[CALL STACK][0]: Method:WXTextureTools.Application.FirstBundle.FirstBundleHandler.slim; File:.0
[CALL STACK][1]: Method:WXTextureTools.Application.AppCmdExec.WXSlimFirstBundleExec.todo; File:.0
[CALL STACK][2]: Method:WXTextureTools.Application.App.process; File:.0
</stackFrames>
</wxlog>
<wxlog>
  <threadId>#main</threadId>
  <timestamp>13:14:57:1978</timestamp>
  <msgtype>MsgMixture</msgtype>
  <content>string|string|bool
AssetBundleText slim - pngName,UI_Egg_Normal.ddcbb86f,false</content>
  <stackFrames>
[CALL STACK][0]: Method:WXTextureTools.Application.FirstBundle.FirstBundleHandler.slim; File:.0
[CALL STACK][1]: Method:WXTextureTools.Application.AppCmdExec.WXSlimFirstBundleExec.todo; File:.0
[CALL STACK][2]: Method:WXTextureTools.Application.App.process; File:.0
</stackFrames>
</wxlog>
<wxlog>
  <threadId>#main</threadId>
  <timestamp>13:14:57:2028</timestamp>
  <msgtype>MsgMixture</msgtype>
  <content>string|string|bool
AssetBundleText slim - pngName,Zhuozi_LV1.529f8740,false</content>
  <stackFrames>
[CALL STACK][0]: Method:WXTextureTools.Application.FirstBundle.FirstBundleHandler.slim; File:.0
[CALL STACK][1]: Method:WXTextureTools.Application.AppCmdExec.WXSlimFirstBundleExec.todo; File:.0
[CALL STACK][2]: Method:WXTextureTools.Application.App.process; File:.0
</stackFrames>
</wxlog>
<wxlog>
  <threadId>#main</threadId>
  <timestamp>13:14:57:2028</timestamp>
  <msgtype>MsgMixture</msgtype>
  <content>string|string|bool
AssetBundleText slim - pngName,Font Texture.8f00b204,false</content>
  <stackFrames>
[CALL STACK][0]: Method:WXTextureTools.Application.FirstBundle.FirstBundleHandler.slim; File:.0
[CALL STACK][1]: Method:WXTextureTools.Application.AppCmdExec.WXSlimFirstBundleExec.todo; File:.0
[CALL STACK][2]: Method:WXTextureTools.Application.App.process; File:.0
</stackFrames>
</wxlog>
<wxlog>
  <threadId>#main</threadId>
  <timestamp>13:14:57:2028</timestamp>
  <msgtype>MsgMixture</msgtype>
  <content>string|string|bool
AssetBundleText slim - pngName,UI_SS_007.32d4714a,false</content>
  <stackFrames>
[CALL STACK][0]: Method:WXTextureTools.Application.FirstBundle.FirstBundleHandler.slim; File:.0
[CALL STACK][1]: Method:WXTextureTools.Application.AppCmdExec.WXSlimFirstBundleExec.todo; File:.0
[CALL STACK][2]: Method:WXTextureTools.Application.App.process; File:.0
</stackFrames>
</wxlog>
<wxlog>
  <threadId>#main</threadId>
  <timestamp>13:14:57:2038</timestamp>
  <msgtype>MsgMixture</msgtype>
  <content>string|string|bool
AssetBundleText slim - pngName,UI_Daojutishi_002.d60c6ac3,false</content>
  <stackFrames>
[CALL STACK][0]: Method:WXTextureTools.Application.FirstBundle.FirstBundleHandler.slim; File:.0
[CALL STACK][1]: Method:WXTextureTools.Application.AppCmdExec.WXSlimFirstBundleExec.todo; File:.0
[CALL STACK][2]: Method:WXTextureTools.Application.App.process; File:.0
</stackFrames>
</wxlog>
<wxlog>
  <threadId>#main</threadId>
  <timestamp>13:14:57:2063</timestamp>
  <msgtype>MsgMixture</msgtype>
  <content>string|string|bool
AssetBundleText slim - pngName,CHW_1001_01.e7c6d589,false</content>
  <stackFrames>
[CALL STACK][0]: Method:WXTextureTools.Application.FirstBundle.FirstBundleHandler.slim; File:.0
[CALL STACK][1]: Method:WXTextureTools.Application.AppCmdExec.WXSlimFirstBundleExec.todo; File:.0
[CALL STACK][2]: Method:WXTextureTools.Application.App.process; File:.0
</stackFrames>
</wxlog>
<wxlog>
  <threadId>#main</threadId>
  <timestamp>13:14:57:2223</timestamp>
  <msgtype>MsgMixture</msgtype>
  <content>string|string|bool
AssetBundleText slim - pngName,Guoshu_LV5.e3584fe8,false</content>
  <stackFrames>
[CALL STACK][0]: Method:WXTextureTools.Application.FirstBundle.FirstBundleHandler.slim; File:.0
[CALL STACK][1]: Method:WXTextureTools.Application.AppCmdExec.WXSlimFirstBundleExec.todo; File:.0
[CALL STACK][2]: Method:WXTextureTools.Application.App.process; File:.0
</stackFrames>
</wxlog>
<wxlog>
  <threadId>#main</threadId>
  <timestamp>13:14:57:2233</timestamp>
  <msgtype>MsgMixture</msgtype>
  <content>string|string|bool
AssetBundleText slim - pngName,CHW_5006_01.542ed5f1,false</content>
  <stackFrames>
[CALL STACK][0]: Method:WXTextureTools.Application.FirstBundle.FirstBundleHandler.slim; File:.0
[CALL STACK][1]: Method:WXTextureTools.Application.AppCmdExec.WXSlimFirstBundleExec.todo; File:.0
[CALL STACK][2]: Method:WXTextureTools.Application.App.process; File:.0
</stackFrames>
</wxlog>
<wxlog>
  <threadId>#main</threadId>
  <timestamp>13:14:57:2253</timestamp>
  <msgtype>MsgMixture</msgtype>
  <content>string|string|bool
AssetBundleText slim - pngName,UI_Jiazai_004 1.6ad5eb52,false</content>
  <stackFrames>
[CALL STACK][0]: Method:WXTextureTools.Application.FirstBundle.FirstBundleHandler.slim; File:.0
[CALL STACK][1]: Method:WXTextureTools.Application.AppCmdExec.WXSlimFirstBundleExec.todo; File:.0
[CALL STACK][2]: Method:WXTextureTools.Application.App.process; File:.0
</stackFrames>
</wxlog>
<wxlog>
  <threadId>#main</threadId>
  <timestamp>13:14:57:2268</timestamp>
  <msgtype>MsgMixture</msgtype>
  <content>string|string|bool
AssetBundleText slim - pngName,CHW_4006_01.f64b2833,false</content>
  <stackFrames>
[CALL STACK][0]: Method:WXTextureTools.Application.FirstBundle.FirstBundleHandler.slim; File:.0
[CALL STACK][1]: Method:WXTextureTools.Application.AppCmdExec.WXSlimFirstBundleExec.todo; File:.0
[CALL STACK][2]: Method:WXTextureTools.Application.App.process; File:.0
</stackFrames>
</wxlog>
<wxlog>
  <threadId>#main</threadId>
  <timestamp>13:14:57:2314</timestamp>
  <msgtype>MsgMixture</msgtype>
  <content>string|string|bool
AssetBundleText slim - pngName,CHW_1006_01.6d419c17,false</content>
  <stackFrames>
[CALL STACK][0]: Method:WXTextureTools.Application.FirstBundle.FirstBundleHandler.slim; File:.0
[CALL STACK][1]: Method:WXTextureTools.Application.AppCmdExec.WXSlimFirstBundleExec.todo; File:.0
[CALL STACK][2]: Method:WXTextureTools.Application.App.process; File:.0
</stackFrames>
</wxlog>
<wxlog>
  <threadId>#main</threadId>
  <timestamp>13:14:57:2344</timestamp>
  <msgtype>MsgMixture</msgtype>
  <content>string|string|bool
AssetBundleText slim - pngName,CHW_5006_02.41468ec4,false</content>
  <stackFrames>
[CALL STACK][0]: Method:WXTextureTools.Application.FirstBundle.FirstBundleHandler.slim; File:.0
[CALL STACK][1]: Method:WXTextureTools.Application.AppCmdExec.WXSlimFirstBundleExec.todo; File:.0
[CALL STACK][2]: Method:WXTextureTools.Application.App.process; File:.0
</stackFrames>
</wxlog>
<wxlog>
  <threadId>#main</threadId>
  <timestamp>13:14:57:2384</timestamp>
  <msgtype>MsgMixture</msgtype>
  <content>string|string|bool
AssetBundleText slim - pngName,CHW_5004_01.ef564ad7,false</content>
  <stackFrames>
[CALL STACK][0]: Method:WXTextureTools.Application.FirstBundle.FirstBundleHandler.slim; File:.0
[CALL STACK][1]: Method:WXTextureTools.Application.AppCmdExec.WXSlimFirstBundleExec.todo; File:.0
[CALL STACK][2]: Method:WXTextureTools.Application.App.process; File:.0
</stackFrames>
</wxlog>
<wxlog>
  <threadId>#main</threadId>
  <timestamp>13:14:57:2389</timestamp>
  <msgtype>MsgMixture</msgtype>
  <content>string|string|bool
AssetBundleText slim - pngName,UI_Chongwu_001.99a5e304,false</content>
  <stackFrames>
[CALL STACK][0]: Method:WXTextureTools.Application.FirstBundle.FirstBundleHandler.slim; File:.0
[CALL STACK][1]: Method:WXTextureTools.Application.AppCmdExec.WXSlimFirstBundleExec.todo; File:.0
[CALL STACK][2]: Method:WXTextureTools.Application.App.process; File:.0
</stackFrames>
</wxlog>
<wxlog>
  <threadId>#main</threadId>
  <timestamp>13:14:57:2495</timestamp>
  <msgtype>MsgMixture</msgtype>
  <content>string|string|bool
AssetBundleText slim - pngName,Guoshu_LV0.7a6e6a52,false</content>
  <stackFrames>
[CALL STACK][0]: Method:WXTextureTools.Application.FirstBundle.FirstBundleHandler.slim; File:.0
[CALL STACK][1]: Method:WXTextureTools.Application.AppCmdExec.WXSlimFirstBundleExec.todo; File:.0
[CALL STACK][2]: Method:WXTextureTools.Application.App.process; File:.0
</stackFrames>
</wxlog>
<wxlog>
  <threadId>#main</threadId>
  <timestamp>13:14:57:2515</timestamp>
  <msgtype>MsgMixture</msgtype>
  <content>string|string|bool
AssetBundleText slim - pngName,UI_CD_003.ffe09040,false</content>
  <stackFrames>
[CALL STACK][0]: Method:WXTextureTools.Application.FirstBundle.FirstBundleHandler.slim; File:.0
[CALL STACK][1]: Method:WXTextureTools.Application.AppCmdExec.WXSlimFirstBundleExec.todo; File:.0
[CALL STACK][2]: Method:WXTextureTools.Application.App.process; File:.0
</stackFrames>
</wxlog>
<wxlog>
  <threadId>#main</threadId>
  <timestamp>13:14:57:2545</timestamp>
  <msgtype>MsgMixture</msgtype>
  <content>string|string|bool
AssetBundleText slim - pngName,UI_Touxiangkuang_007.8ebaeec1,false</content>
  <stackFrames>
[CALL STACK][0]: Method:WXTextureTools.Application.FirstBundle.FirstBundleHandler.slim; File:.0
[CALL STACK][1]: Method:WXTextureTools.Application.AppCmdExec.WXSlimFirstBundleExec.todo; File:.0
[CALL STACK][2]: Method:WXTextureTools.Application.App.process; File:.0
</stackFrames>
</wxlog>
<wxlog>
  <threadId>#main</threadId>
  <timestamp>13:14:57:2590</timestamp>
  <msgtype>MsgMixture</msgtype>
  <content>string|string|bool
AssetBundleText slim - pngName,CHW_3003_02.3c61f3dd,false</content>
  <stackFrames>
[CALL STACK][0]: Method:WXTextureTools.Application.FirstBundle.FirstBundleHandler.slim; File:.0
[CALL STACK][1]: Method:WXTextureTools.Application.AppCmdExec.WXSlimFirstBundleExec.todo; File:.0
[CALL STACK][2]: Method:WXTextureTools.Application.App.process; File:.0
</stackFrames>
</wxlog>
<wxlog>
  <threadId>#main</threadId>
  <timestamp>13:14:57:2616</timestamp>
  <msgtype>MsgMixture</msgtype>
  <content>string|string|bool
AssetBundleText slim - pngName,CHWTJ_003.bd615f4d,false</content>
  <stackFrames>
[CALL STACK][0]: Method:WXTextureTools.Application.FirstBundle.FirstBundleHandler.slim; File:.0
[CALL STACK][1]: Method:WXTextureTools.Application.AppCmdExec.WXSlimFirstBundleExec.todo; File:.0
[CALL STACK][2]: Method:WXTextureTools.Application.App.process; File:.0
</stackFrames>
</wxlog>
<wxlog>
  <threadId>#main</threadId>
  <timestamp>13:14:57:2661</timestamp>
  <msgtype>MsgMixture</msgtype>
  <content>string|string|bool
AssetBundleText slim - pngName,UI_Dibu_003.1f31b393,false</content>
  <stackFrames>
[CALL STACK][0]: Method:WXTextureTools.Application.FirstBundle.FirstBundleHandler.slim; File:.0
[CALL STACK][1]: Method:WXTextureTools.Application.AppCmdExec.WXSlimFirstBundleExec.todo; File:.0
[CALL STACK][2]: Method:WXTextureTools.Application.App.process; File:.0
</stackFrames>
</wxlog>
<wxlog>
  <threadId>#main</threadId>
  <timestamp>13:14:57:2681</timestamp>
  <msgtype>MsgMixture</msgtype>
  <content>string|string|bool
AssetBundleText slim - pngName,UI_Touxiang_009.387dbb31,false</content>
  <stackFrames>
[CALL STACK][0]: Method:WXTextureTools.Application.FirstBundle.FirstBundleHandler.slim; File:.0
[CALL STACK][1]: Method:WXTextureTools.Application.AppCmdExec.WXSlimFirstBundleExec.todo; File:.0
[CALL STACK][2]: Method:WXTextureTools.Application.App.process; File:.0
</stackFrames>
</wxlog>
<wxlog>
  <threadId>#main</threadId>
  <timestamp>13:14:57:2726</timestamp>
  <msgtype>MsgMixture</msgtype>
  <content>string|string|bool
AssetBundleText slim - pngName,闯关成功.8ea94cbd,false</content>
  <stackFrames>
[CALL STACK][0]: Method:WXTextureTools.Application.FirstBundle.FirstBundleHandler.slim; File:.0
[CALL STACK][1]: Method:WXTextureTools.Application.AppCmdExec.WXSlimFirstBundleExec.todo; File:.0
[CALL STACK][2]: Method:WXTextureTools.Application.App.process; File:.0
</stackFrames>
</wxlog>
<wxlog>
  <threadId>#main</threadId>
  <timestamp>13:14:57:2736</timestamp>
  <msgtype>MsgMixture</msgtype>
  <content>string|string|bool
AssetBundleText slim - pngName,9.d18fe085,false</content>
  <stackFrames>
[CALL STACK][0]: Method:WXTextureTools.Application.FirstBundle.FirstBundleHandler.slim; File:.0
[CALL STACK][1]: Method:WXTextureTools.Application.AppCmdExec.WXSlimFirstBundleExec.todo; File:.0
[CALL STACK][2]: Method:WXTextureTools.Application.App.process; File:.0
</stackFrames>
</wxlog>
<wxlog>
  <threadId>#main</threadId>
  <timestamp>13:14:57:2762</timestamp>
  <msgtype>MsgMixture</msgtype>
  <content>string|string|bool
AssetBundleText slim - pngName,UI_COMBO_001.89d51e02,false</content>
  <stackFrames>
[CALL STACK][0]: Method:WXTextureTools.Application.FirstBundle.FirstBundleHandler.slim; File:.0
[CALL STACK][1]: Method:WXTextureTools.Application.AppCmdExec.WXSlimFirstBundleExec.todo; File:.0
[CALL STACK][2]: Method:WXTextureTools.Application.App.process; File:.0
</stackFrames>
</wxlog>
<wxlog>
  <threadId>#main</threadId>
  <timestamp>13:14:57:2892</timestamp>
  <msgtype>MsgMixture</msgtype>
  <content>string|string|bool
AssetBundleText slim - pngName,LiberationSans SDF Atlas.ac9f1c83,false</content>
  <stackFrames>
[CALL STACK][0]: Method:WXTextureTools.Application.FirstBundle.FirstBundleHandler.slim; File:.0
[CALL STACK][1]: Method:WXTextureTools.Application.AppCmdExec.WXSlimFirstBundleExec.todo; File:.0
[CALL STACK][2]: Method:WXTextureTools.Application.App.process; File:.0
</stackFrames>
</wxlog>
